,Word,Frequency
0,we,887
1,come,81
2,in,491
3,peace,16
4,that,776
5,s,892
6,why,89
7,re,299
8,here,188
9,isn,26
10,t,556
11,the,1958
12,whole,9
13,idea,24
14,of,762
15,starfleet,65
16,hey,33
17,i,1839
18,taught,6
19,you,1587
20,don,165
21,trust,27
22,me,341
23,captain,286
24,with,271
25,my,328
26,life,67
27,commander,113
28,burnham,58
29,but,328
30,it,958
31,doesn,38
32,change,12
33,fact,5
34,lost,40
35,very,32
36,technically,2
37,would,112
38,be,385
39,how,170
40,long,51
41,until,29
42,storm,5
43,comes,16
44,crashing,1
45,down,68
46,on,388
47,us,211
48,estimate,2
49,one,159
50,hour,4
51,17,6
52,minutes,28
53,22,4
54,seconds,27
55,which,29
56,is,645
57,ve,161
58,made,30
59,sure,45
60,not,329
61,map,7
62,says,8
63,well,87
64,this,433
65,way,115
66,drought,1
67,going,50
68,to,1596
69,last,22
70,89,3
71,years,32
72,crepusculans,1
73,are,374
74,facing,4
75,extinction,3
76,as,211
77,a,926
78,species,29
79,see,107
80,those,44
81,egg,2
82,sacs,1
83,their,92
84,offspring,1
85,they,279
86,survived,2
87,for,322
88,over,40
89,thousand,6
90,michael,48
91,right,124
92,and,709
93,if,242
94,do,251
95,something,81
96,now,189
97,won,48
98,live,20
99,another,36
100,hours,17
101,ambient,2
102,radiation,8
103,from,146
104,nearby,5
105,drilling,1
106,accident,4
107,dried,1
108,out,195
109,water,2
110,table,3
111,can,338
112,get,196
113,without,27
114,making,12
115,contact,30
116,steer,1
117,clear,17
118,general,20
119,order,31
120,there,235
121,stand,18
122,corrected,1
123,ye,1
124,little,28
125,faith,8
126,oh,68
127,never,56
128,had,67
129,doubt,4
130,powers,3
131,up,95
132,phaser,11
133,rifle,1
134,tell,66
135,what,352
136,need,157
137,break,9
138,through,49
139,bedrock,1
140,point,24
141,7,3
142,second,14
143,field,26
144,burst,2
145,at,177
146,level,6
147,setting,2
148,13,2
149,5,4
150,georgiou,19
151,shenzhou,24
152,two,53
153,transport,16
154,moving,11
155,faster,2
156,than,44
157,thought,38
158,ship,112
159,able,31
160,pick,4
161,our,189
162,signatures,4
163,unless,14
164,lieutenant,60
165,saru,94
166,could,126
167,trapped,5
168,let,122
169,take,82
170,walk,4
171,follow,12
172,footsteps,1
173,even,46
174,lines,3
175,where,73
176,your,343
177,turn,14
178,number,21
179,really,50
180,far,11
181,too,63
182,small,11
183,seen,20
184,naked,1
185,eye,4
186,set,16
187,course,39
188,star,7
189,wise,1
190,heading,9
191,away,29
192,village,1
193,hard,17
194,imagine,4
195,served,2
196,under,15
197,seven,10
198,think,109
199,time,114
200,talked,2
201,about,110
202,having,9
203,own,36
204,command,20
205,m,287
206,grateful,4
207,though,9
208,significantly,3
209,more,92
210,so,235
211,any,85
212,chance,14
213,ever,25
214,returning,4
215,just,142
216,keep,52
217,walking,2
218,will,220
219,were,87
220,stuck,3
221,likely,6
222,scenario,3
223,die,23
224,desert,2
225,say,54
226,lived,2
227,xenoanthropologist,2
228,reveal,3
229,myself,26
230,natives,1
231,learn,9
232,culture,8
233,try,21
234,fit,5
235,possible,25
236,easy,13
237,d,62
238,escape,11
239,these,47
240,footprints,1
241,walked,1
242,circle,2
243,exactly,19
244,did,101
245,find,60
246,first,62
247,officer,29
248,log,4
249,stardate,3
250,1207,1
251,3,5
252,earth,30
253,may,64
254,11th,1
255,2256,1
256,sunday,1
257,crew,48
258,uss,16
259,has,112
260,been,92
261,called,10
262,edge,10
263,federation,90
264,space,25
265,investigate,1
266,damage,13
267,done,28
268,interstellar,1
269,relays,3
270,blast,9
271,burns,1
272,around,23
273,hole,7
274,inconclusive,1
275,caused,6
276,by,91
277,an,141
278,asteroid,4
279,or,79
280,was,287
281,deliberately,1
282,destroyed,18
283,limit,2
284,communications,3
285,whom,4
286,despite,5
287,risks,4
288,mission,57
289,remain,7
290,optimistic,2
291,face,15
292,such,18
293,beauty,2
294,case,11
295,binary,6
296,system,26
297,suns,1
298,ice,3
299,dust,8
300,gasses,1
301,collide,1
302,form,8
303,planets,10
304,future,14
305,generations,3
306,call,23
307,home,45
308,humbling,2
309,reminder,2
310,all,216
311,born,4
312,chaos,1
313,destruction,4
314,looking,21
315,finish,8
316,scans,25
317,express,2
318,facts,1
319,instead,6
320,bridge,31
321,yours,17
322,mister,52
323,yes,77
324,chief,3
325,science,16
326,worried,5
327,took,17
328,bite,1
329,relay,5
330,thinks,4
331,malicious,3
332,kelpien,9
333,he,233
334,everything,40
335,indications,2
336,nothing,45
337,intelligent,1
338,reputation,2
339,tech,6
340,hygiene,1
341,exemplary,1
342,when,119
343,goes,6
344,sends,2
345,fix,6
346,someone,31
347,trying,35
348,attention,6
349,have,444
350,tells,4
351,suspect,3
352,foul,1
353,play,9
354,she,113
355,apparently,2
356,agrees,1
357,shocked,1
358,ensign,20
359,connor,8
360,agreement,2
361,between,21
362,senior,1
363,officers,5
364,note,2
365,date,3
366,amount,3
367,sarcasm,1
368,always,30
369,necessary,7
370,no,311
371,like,144
372,magnify,2
373,damaged,4
374,am,80
375,specific,3
376,range,15
377,2,5
378,000,14
379,kilometres,10
380,bearing,3
381,358,1
382,mark,12
383,269,1
384,roughly,3
385,150,1
386,metres,14
387,tucked,1
388,into,76
389,accretion,4
390,disk,1
391,almost,17
392,directly,8
393,below,1
394,sensor,6
395,dead,24
396,zone,14
397,some,71
398,kind,53
399,scattering,4
400,confounding,1
401,ability,4
402,translate,2
403,image,3
404,thoughts,10
405,data,40
406,prefer,2
407,speculate,1
408,hiding,7
409,maybe,34
410,hoping,8
411,found,37
412,speculating,1
413,much,65
414,choice,16
415,lock,13
416,shuttle,35
417,maneuverable,1
418,enough,28
419,navigate,5
420,ring,2
421,ll,179
422,go,102
423,thruster,3
424,pack,2
425,noodles,2
426,back,114
427,19,2
428,flyby,3
429,understand,43
430,being,28
431,afraid,15
432,means,20
433,opportunity,3
434,discover,2
435,explore,2
436,both,34
437,her,109
438,best,24
439,variables,1
440,minimum,1
441,wouldn,15
442,want,85
443,put,31
444,colleague,2
445,risk,14
446,equally,1
447,happy,12
448,realise,5
449,once,26
450,reach,16
451,cut,12
452,off,42
453,communication,12
454,irresponsible,1
455,leave,31
456,whatever,30
457,unknown,7
458,commencing,5
459,airlock,2
460,depressurisation,2
461,sequence,3
462,reconnaissance,1
463,void,5
464,object,11
465,collection,2
466,nominal,8
467,lights,6
468,green,7
469,confirming,1
470,six,24
471,directional,1
472,thrust,1
473,saucer,1
474,realignment,1
475,final,5
476,prelaunch,1
477,checks,1
478,support,12
479,oxygen,5
480,nitrogen,2
481,saturation,2
482,air,5
483,pressure,8
484,flow,2
485,module,2
486,active,5
487,filters,4
488,0,3
489,01,2
490,computer,26
491,enable,1
492,igniter,1
493,ten,50
494,ignition,1
495,nine,8
496,eight,8
497,five,19
498,four,21
499,three,25
500,fun,6
501,debris,8
502,understood,9
503,watch,10
504,aye,52
505,boost,2
506,signal,20
507,clock,4
508,30,7
509,copy,6
510,distance,10
511,1,7
512,kilometers,3
513,closing,4
514,implementing,2
515,automatic,2
516,correction,2
517,hello,14
518,hear,20
519,acknowledge,4
520,unit,4
521,internal,5
522,line,10
523,good,77
524,12,6
525,58,2
526,plenty,2
527,peek,1
528,clearly,5
529,less,13
530,outermost,1
531,remember,20
532,who,77
533,said,44
534,sculptures,1
535,crystallized,1
536,spirituality,1
537,headlamp,1
538,meant,10
539,blind,4
540,above,8
541,old,14
542,centuries,3
543,difficult,7
544,constructed,1
545,carved,1
546,only,62
547,word,12
548,effectively,1
549,describe,2
550,wow,5
551,precise,1
552,its,51
553,surface,9
554,appearance,2
555,stone,3
556,exoskeleton,1
557,metal,2
558,alloy,3
559,incredibly,3
560,intricate,1
561,construction,2
562,design,4
563,short,2
564,astounding,1
565,wish,10
566,seeing,8
567,sublime,1
568,impossible,8
569,discern,2
570,practical,2
571,purpose,9
572,land,4
573,closer,12
574,look,36
575,nice,8
576,hold,21
577,presence,6
578,triggered,1
579,sort,6
580,motion,1
581,response,15
582,countdown,1
583,15,9
584,warning,22
585,proximity,9
586,alert,50
587,scanning,6
588,database,5
589,recognition,1
590,iconography,1
591,confirmed,13
592,klingon,77
593,united,19
594,still,51
595,sign,9
596,runs,3
597,transporter,8
598,control,20
599,weeton,1
600,better,21
601,remotely,2
602,fire,18
603,jetpack,1
604,offline,5
605,engineering,17
606,tractor,4
607,beam,29
608,soon,17
609,exhibit,2
610,symptoms,2
611,acute,1
612,syndrome,1
613,hang,5
614,pupil,2
615,social,1
616,rests,1
617,upon,7
618,inviolable,1
619,honour,15
620,shame,4
621,dynamic,1
622,correct,9
623,homeworld,8
624,qo,15
625,nos,15
626,unwelcoming,1
627,political,5
628,twenty,5
629,great,32
630,houses,6
631,location,10
632,most,30
633,recent,6
634,terror,3
635,raid,2
636,unacceptable,3
637,duration,2
638,query,3
639,survivors,4
640,human,19
641,vulcan,33
642,outpost,3
643,doctari,3
644,alpha,5
645,please,54
646,stop,40
647,program,2
648,paused,1
649,sarek,30
650,sorry,51
651,dreaming,1
652,klingons,51
653,antiproton,1
654,therapy,3
655,regimen,1
656,incomplete,2
657,session,1
658,terminated,3
659,prematurely,1
660,medical,5
661,emergency,11
662,binaries,1
663,kicking,1
664,serious,2
665,qes,1
666,spectrum,3
667,know,211
668,people,40
669,should,70
670,sickbay,6
671,red,9
672,hundred,5
673,attacked,8
674,check,14
675,helmet,1
676,cam,1
677,footage,1
678,corrupted,3
679,warrior,4
680,caste,1
681,his,86
682,ev,5
683,suit,5
684,bore,1
685,house,13
686,insignia,3
687,delusional,1
688,concussion,1
689,philippa,15
690,happened,26
691,ambushed,1
692,hit,22
693,somehow,5
694,knocked,1
695,him,115
696,blade,2
697,killed,14
698,raiding,1
699,party,9
700,obscured,1
701,behind,14
702,sector,4
703,responsible,5
704,retreat,4
705,option,4
706,needs,17
707,show,25
708,itself,13
709,got,67
710,flush,3
711,them,146
712,target,9
713,phase,3
714,cannons,1
715,didn,51
716,anything,35
717,destroying,3
718,make,80
719,attack,14
720,wait,18
721,then,77
722,gant,3
723,disengage,2
724,cannon,1
725,targeting,4
726,fixed,5
727,stat,1
728,januzzi,2
729,send,13
730,encoded,1
731,message,15
732,engaged,4
733,efficient,1
734,defense,2
735,entire,16
736,covered,3
737,coffins,1
738,longer,21
739,flagship,3
740,stealth,1
741,mode,2
742,cloaking,6
743,screen,6
744,unlike,4
745,admiral,33
746,vessels,6
747,reached,4
748,every,24
749,friendship,1
750,greeting,1
751,blocking,2
752,hails,2
753,ideal,3
754,outcome,1
755,interaction,1
756,battle,16
757,relentlessly,1
758,hostile,2
759,sir,72
760,nature,2
761,respect,13
762,unwise,1
763,confuse,1
764,race,7
765,went,15
766,mood,1
767,outside,12
768,talking,18
769,strongly,2
770,believes,3
771,station,19
772,eagle,1
773,twelve,3
774,light,25
775,andorian,2
776,colony,10
777,gamma,2
778,hydra,1
779,hope,27
780,happens,9
781,serve,14
782,civilisations,3
783,diplomat,2
784,does,22
785,soldier,6
786,status,17
787,massive,11
788,photonic,3
789,activity,6
790,output,2
791,billion,1
792,lumens,1
793,per,7
794,square,3
795,metre,2
796,bring,42
797,plasmatic,1
798,online,9
799,weapon,14
800,seems,19
801,emitter,1
802,adjusting,2
803,orientation,1
804,minimise,1
805,dispersal,2
806,somebody,4
807,pulse,6
808,calling,4
809,same,52
810,thing,41
811,backup,2
812,sensors,20
813,maximum,9
814,notice,2
815,permission,10
816,kidding,3
817,relevant,1
818,granted,4
819,report,21
820,deck,23
821,working,22
822,open,26
823,dedicated,1
824,subspace,14
825,channel,12
826,222aa7,1
827,use,32
828,frequency,3
829,requires,7
830,diplomatic,6
831,authorisation,2
832,voiceprint,1
833,authorise,1
834,inform,3
835,logic,11
836,help,65
837,encountered,3
838,exchanged,1
839,beacon,2
840,position,9
841,summoning,1
842,war,41
843,happening,13
844,vulcans,13
845,achieve,3
846,relations,3
847,bay,13
848,absolutely,6
849,haven,14
850,powered,3
851,weapons,12
852,appear,3
853,pose,3
854,imminent,6
855,threat,17
856,inevitable,2
857,thank,71
858,remind,5
859,wildly,1
860,outgunned,1
861,240,1
862,ago,17
863,near,10
864,h,1
865,atoria,1
866,crossed,4
867,immediately,13
868,vessel,23
869,mistake,3
870,twice,3
871,formal,2
872,established,5
873,whenever,2
874,paths,2
875,fired,3
876,language,6
877,violence,2
878,brought,16
879,give,36
880,intention,2
881,balling,1
882,fists,1
883,dissuade,1
884,logical,12
885,account,3
886,success,7
887,rate,8
888,during,7
889,together,27
890,execute,3
891,plan,21
892,further,5
893,challenge,4
894,before,50
895,dragged,1
896,ready,45
897,room,16
898,privacy,3
899,dare,1
900,apologise,4
901,insubordination,1
902,talk,28
903,destabilise,2
904,underestimate,1
905,overseen,1
906,exercises,1
907,simulation,2
908,blood,10
909,screams,1
910,funerals,1
911,start,22
912,shooting,1
913,hunch,2
914,innocent,1
915,lives,25
916,period,1
917,history,7
918,commitment,3
919,action,5
920,emotional,9
921,neck,4
922,head,11
923,injured,2
924,thinking,16
925,thousands,3
926,because,45
927,failure,8
928,act,7
929,whose,6
930,victims,1
931,imaginary,1
932,relieved,2
933,provided,3
934,intel,3
935,personal,8
936,source,14
937,passing,3
938,slot,1
939,pair,1
940,photon,5
941,torpedoes,6
942,tubes,1
943,compute,1
944,firing,6
945,solution,9
946,decides,1
947,superior,4
948,high,8
949,question,11
950,chain,6
951,again,36
952,remove,2
953,phasers,6
954,move,23
955,tactical,6
956,belay,2
957,save,22
958,ships,11
959,ambassador,2
960,pleasure,3
961,ours,4
962,welcome,8
963,congratulations,6
964,commencement,1
965,earned,7
966,friendliness,1
967,hardly,2
968,negotiation,1
969,attend,3
970,learning,4
971,centre,5
972,academy,10
973,rejoins,2
974,analogy,2
975,lateral,1
976,vector,1
977,technology,14
978,discarded,1
979,due,8
980,power,37
981,phased,1
982,gets,7
983,standards,2
984,join,14
985,expeditionary,3
986,group,5
987,sometimes,8
988,universe,38
989,allows,4
990,unexpected,2
991,memories,3
992,platitudes,1
993,humans,7
994,confident,4
995,record,5
996,confidence,3
997,justified,2
998,new,43
999,shabby,1
1000,huh,8
1001,appears,9
1002,functional,2
1003,hesitation,1
1004,leaving,16
1005,known,14
1006,assure,4
1007,many,30
1008,entered,3
1009,council,3
1010,consists,1
1011,24,1
1012,coincidence,2
1013,suggests,4
1014,attempting,5
1015,unify,2
1016,empire,22
1017,against,18
1018,endangered,3
1019,shipmates,1
1020,violated,1
1021,duty,7
1022,security,11
1023,remand,1
1024,brig,11
1025,spreads,1
1026,across,9
1027,stars,5
1028,ghor,3
1029,propose,4
1030,unite,1
1031,unidentified,1
1032,stations,8
1033,ops,4
1034,shields,46
1035,helm,2
1036,evasive,1
1037,manoeuvre,1
1038,detmer,36
1039,219,1
1040,6,3
1041,badly,2
1042,confined,1
1043,denied,5
1044,else,27
1045,hurt,9
1046,locked,7
1047,mutiny,2
1048,blow,7
1049,activate,7
1050,comm,2
1051,panel,2
1052,doctor,26
1053,nambue,1
1054,major,2
1055,hull,17
1056,breach,10
1057,shield,8
1058,fifteen,3
1059,percent,21
1060,diverting,1
1061,main,3
1062,compromised,6
1063,decks,8
1064,containment,19
1065,repair,4
1066,personnel,8
1067,evacuate,5
1068,mind,20
1069,meld,3
1070,couldn,19
1071,convince,3
1072,strike,2
1073,matters,1
1074,hands,14
1075,disappointed,2
1076,wrong,24
1077,bolster,2
1078,self,6
1079,esteem,1
1080,divert,1
1081,nonessential,1
1082,systems,28
1083,aft,3
1084,coming,22
1085,hot,3
1086,warship,1
1087,peeled,1
1088,reverse,2
1089,thrusters,3
1090,responding,4
1091,prepare,10
1092,assist,6
1093,hailed,3
1094,clarke,1
1095,yeager,1
1096,side,18
1097,sustained,1
1098,heavy,2
1099,casualties,2
1100,visuals,3
1101,destruct,1
1102,kuvma,23
1103,unforgettable,1
1104,implement,2
1105,steps,3
1106,evacuation,9
1107,protocol,8
1108,ethical,3
1109,protocols,9
1110,state,5
1111,prisoner,9
1112,occur,1
1113,saving,4
1114,circumstances,6
1115,circumstance,1
1116,speculation,2
1117,request,8
1118,engage,1
1119,cell,12
1120,fails,4
1121,approximately,6
1122,corridor,2
1123,undamaged,1
1124,pressurised,1
1125,affirmative,2
1126,negative,7
1127,exposure,1
1128,vacuum,1
1129,result,3
1130,respiratory,1
1131,distress,9
1132,shock,3
1133,suffocation,1
1134,door,13
1135,sized,3
1136,rapid,2
1137,depressurization,1
1138,shoot,2
1139,unable,8
1140,inhibited,1
1141,physical,3
1142,ethically,1
1143,survival,3
1144,estimated,1
1145,43,1
1146,warfare,1
1147,based,11
1148,deception,1
1149,must,55
1150,seem,10
1151,warp,25
1152,countermove,1
1153,scattered,1
1154,pieces,3
1155,devious,1
1156,approve,3
1157,float,1
1158,untethered,1
1159,battlefield,1
1160,worker,5
1161,bee,5
1162,carry,5
1163,torpedo,2
1164,mistaken,2
1165,driving,1
1166,priority,3
1167,getting,23
1168,impulse,4
1169,engines,9
1170,detonate,3
1171,warheads,2
1172,lured,1
1173,massacre,1
1174,repaid,1
1175,anointed,1
1176,himself,3
1177,next,12
1178,messiah,3
1179,kill,20
1180,martyr,1
1181,fight,13
1182,endlessly,1
1183,might,27
1184,wants,8
1185,capture,3
1186,symbol,4
1187,defeat,4
1188,leverage,1
1189,sue,1
1190,believed,9
1191,avoid,3
1192,full,13
1193,scale,3
1194,came,17
1195,aboard,11
1196,training,7
1197,day,21
1198,trump,1
1199,humanity,4
1200,asked,9
1201,loss,6
1202,chose,4
1203,ego,2
1204,shell,2
1205,convinced,1
1206,chair,7
1207,knew,21
1208,turned,1
1209,important,6
1210,principles,3
1211,deliver,3
1212,place,20
1213,gathering,1
1214,forget,3
1215,spool,1
1216,transporters,2
1217,meet,4
1218,warhead,1
1219,energise,3
1220,section,2
1221,close,21
1222,body,8
1223,sotto,5
1224,guilty,5
1225,counts,3
1226,youth,1
1227,raised,5
1228,believe,43
1229,service,4
1230,carried,3
1231,conviction,1
1232,dreamed,2
1233,noble,1
1234,objectives,1
1235,institution,1
1236,dream,2
1237,ruins,2
1238,gone,20
1239,friends,6
1240,wanted,24
1241,protect,12
1242,enemy,7
1243,half,7
1244,screws,1
1245,tellun,1
1246,scumbag,1
1247,andorians,4
1248,cold,2
1249,places,5
1250,cousin,1
1251,europa,1
1252,8000,1
1253,others,7
1254,eighty,2
1255,gs54,1
1256,organism,5
1257,feeds,1
1258,electricity,2
1259,feeding,3
1260,doors,3
1261,pilot,6
1262,rid,1
1263,infestation,1
1264,fast,18
1265,drain,2
1266,drift,1
1267,freeze,2
1268,death,20
1269,whichever,1
1270,relax,2
1271,taking,13
1272,care,12
1273,safety,13
1274,tether,5
1275,disconnected,2
1276,autopilot,4
1277,malfunction,5
1278,brand,1
1279,starship,4
1280,doing,35
1281,front,8
1282,keyla,2
1283,suus,1
1284,mahna,1
1285,received,5
1286,transferred,2
1287,prison,12
1288,facility,3
1289,customary,1
1290,changed,3
1291,halfway,1
1292,journey,3
1293,gonna,69
1294,distraction,2
1295,quantum,6
1296,physics,2
1297,engineers,1
1298,days,15
1299,lightning,1
1300,bugs,1
1301,trained,3
1302,available,3
1303,respectfully,3
1304,owe,5
1305,debt,1
1306,crime,2
1307,involved,3
1308,neat,1
1309,er,58
1310,told,25
1311,special,5
1312,roommate,4
1313,letdown,1
1314,built,7
1315,friend,14
1316,guess,5
1317,hi,5
1318,cadet,11
1319,sylvia,6
1320,tilly,41
1321,nervous,5
1322,instructors,1
1323,advised,1
1324,work,41
1325,decide,4
1326,bed,5
1327,seriously,2
1328,allergic,1
1329,polyester,1
1330,viscoelastic,1
1331,polyurethane,1
1332,foam,1
1333,results,1
1334,chronic,1
1335,snoring,2
1336,wasn,15
1337,supposed,7
1338,crosses,2
1339,other,45
1340,problem,12
1341,name,13
1342,met,9
1343,female,2
1344,named,1
1345,suits,4
1346,mickey,1
1347,approachable,1
1348,yeah,40
1349,normal,10
1350,heard,9
1351,mutineer,6
1352,black,36
1353,weren,9
1354,briefed,2
1355,hell,22
1356,matter,31
1357,synthesis,2
1358,complete,13
1359,promotion,3
1360,ones,5
1361,taste,2
1362,suppose,6
1363,function,6
1364,environment,4
1365,eating,3
1366,food,4
1367,synthesiser,1
1368,issue,5
1369,saw,15
1370,recording,1
1371,speech,1
1372,gave,10
1373,funeral,1
1374,beautiful,8
1375,wanna,2
1376,trouble,4
1377,stamets,64
1378,labs,2
1379,classified,10
1380,assigned,3
1381,seats,1
1382,misunderstanding,2
1383,attended,1
1384,following,3
1385,struggling,2
1386,equations,3
1387,initially,1
1388,dealing,6
1389,astrophysics,2
1390,deeper,3
1391,biochemistry,1
1392,gene,3
1393,expression,3
1394,helpful,3
1395,either,13
1396,submit,3
1397,breath,6
1398,scan,10
1399,entry,4
1400,paul,4
1401,incoming,5
1402,transmission,4
1403,designee,1
1404,lorca,29
1405,gabriel,9
1406,top,3
1407,secret,6
1408,picked,4
1409,mean,29
1410,theoretical,1
1411,engineer,2
1412,tracked,1
1413,boarding,1
1414,yesterday,4
1415,impression,1
1416,okay,88
1417,character,1
1418,flaw,1
1419,everybody,10
1420,hates,1
1421,kid,5
1422,staying,3
1423,basidiosac,1
1424,unfamiliar,1
1425,term,2
1426,basidia,1
1427,refers,2
1428,spore,29
1429,producing,1
1430,structures,3
1431,numbers,3
1432,analysing,4
1433,consistent,2
1434,organic,4
1435,mentioned,2
1436,bloom,3
1437,typically,1
1438,biologicals,1
1439,speed,7
1440,biology,5
1441,sincerely,1
1442,research,3
1443,intended,3
1444,correlation,1
1445,device,10
1446,dozen,2
1447,fully,4
1448,armed,2
1449,shadows,1
1450,yourself,15
1451,run,14
1452,navigational,4
1453,hack,1
1454,jammed,2
1455,reaction,5
1456,cube,2
1457,pretty,13
1458,piss,2
1459,shit,5
1460,worked,4
1461,rabbit,1
1462,straight,8
1463,tunnel,1
1464,dipped,1
1465,suddenly,3
1466,alice,1
1467,moment,22
1468,stopping,2
1469,herself,5
1470,falling,2
1471,deep,5
1472,jefferies,1
1473,tube,2
1474,elevate,1
1475,200,2
1476,feet,3
1477,rear,2
1478,quarter,1
1479,replacement,1
1480,units,3
1481,hatch,2
1482,turns,3
1483,smaller,1
1484,inches,1
1485,brightened,1
1486,size,5
1487,lovely,1
1488,garden,1
1489,enter,8
1490,requested,4
1491,appreciate,13
1492,court,1
1493,martialed,1
1494,convicted,3
1495,offer,14
1496,anyway,4
1497,answer,7
1498,stay,27
1499,testing,3
1500,developing,1
1501,experimental,1
1502,biological,4
1503,explicitly,1
1504,forbidden,1
1505,geneva,1
1506,1928,1
1507,2155,1
1508,wage,1
1509,unsanctioned,1
1510,banished,1
1511,presumably,1
1512,sentence,5
1513,including,4
1514,illicit,1
1515,tests,1
1516,glenn,7
1517,bear,1
1518,rank,5
1519,certainly,1
1520,travel,7
1521,spores,7
1522,veins,2
1523,muscles,2
1524,galaxies,1
1525,cleared,1
1526,glad,19
1527,someday,1
1528,things,23
1529,highly,5
1530,regarded,1
1531,read,9
1532,book,71
1533,after,31
1534,parents,7
1535,foster,1
1536,mother,13
1537,used,19
1538,son,1
1539,learned,3
1540,real,11
1541,world,12
1542,adhere,1
1543,amanda,1
1544,temporary,4
1545,assignment,1
1546,division,1
1547,discovery,69
1548,none,10
1549,uniform,4
1550,cancel,4
1551,mirror,4
1552,smart,3
1553,lot,24
1554,scary,2
1555,convict,1
1556,clean,3
1557,slate,1
1558,quite,9
1559,sent,8
1560,shower,2
1561,ping,1
1562,clothed,1
1563,trip,1
1564,depot,1
1565,extraneous,1
1566,words,4
1567,shut,4
1568,till,1
1569,accept,10
1570,testament,3
1571,direct,3
1572,offered,5
1573,ganglia,4
1574,consulted,1
1575,valuable,4
1576,asset,3
1577,scanners,3
1578,confirm,2
1579,birds,5
1580,prey,3
1581,targets,7
1582,offset,1
1583,vectors,1
1584,located,7
1585,scanned,2
1586,win,12
1587,refinement,1
1588,drive,36
1589,also,21
1590,studied,2
1591,mechanics,1
1592,deadliest,1
1593,galaxy,10
1594,dangerous,6
1595,onboard,4
1596,artist,1
1597,within,14
1598,abandoned,2
1599,intact,2
1600,dilithium,19
1601,processing,2
1602,outrage,1
1603,ate,4
1604,smile,2
1605,meat,1
1606,smooth,2
1607,skull,1
1608,purity,2
1609,leads,4
1610,father,7
1611,kin,1
1612,mokai,2
1613,watcher,1
1614,clan,1
1615,deceivers,1
1616,weavers,1
1617,lies,3
1618,child,9
1619,bat,1
1620,leth,1
1621,cleave,1
1622,heart,5
1623,choose,12
1624,build,5
1625,graveyard,1
1626,indicate,1
1627,diet,1
1628,foraging,1
1629,vegetation,1
1630,passive,1
1631,obtaining,1
1632,nutrition,1
1633,monster,3
1634,ripper,6
1635,share,8
1636,natural,5
1637,traits,1
1638,tardigrade,14
1639,docile,1
1640,creature,15
1641,waters,1
1642,micro,5
1643,animal,2
1644,capable,5
1645,surviving,2
1646,e,1
1647,xtreme,1
1648,heat,7
1649,subfreezing,1
1650,temperatures,1
1651,macroscopic,1
1652,logs,4
1653,earlier,5
1654,detected,7
1655,stowaway,1
1656,unregistered,1
1657,microbiota,1
1658,pattern,24
1659,buffer,6
1660,rummaging,1
1661,lower,4
1662,cargo,1
1663,judge,4
1664,single,4
1665,incident,1
1666,past,14
1667,except,3
1668,defence,7
1669,alien,5
1670,standing,3
1671,excess,2
1672,energy,19
1673,cavitation,1
1674,initiated,2
1675,gravity,4
1676,o,2
1677,type,3
1678,collision,1
1679,engaging,4
1680,central,1
1681,showed,1
1682,patterns,6
1683,frontopolar,2
1684,cortex,2
1685,reacted,1
1686,jumped,3
1687,cry,3
1688,connection,9
1689,helps,3
1690,motives,2
1691,behaviour,4
1692,broadcasting,1
1693,shipwide,5
1694,sedating,1
1695,effect,2
1696,sedation,2
1697,responds,1
1698,aggression,5
1699,seal,2
1700,pen,3
1701,atmosphere,7
1702,pressurisation,1
1703,processor,2
1704,coupling,1
1705,crystal,6
1706,residue,1
1707,unplugging,1
1708,cause,19
1709,explosion,4
1710,sudden,2
1711,fleet,5
1712,lord,9
1713,successor,3
1714,devotion,1
1715,mantle,1
1716,leadership,6
1717,free,6
1718,enforcer,1
1719,defender,1
1720,campaigner,1
1721,shall,2
1722,uncouple,1
1723,treated,2
1724,times,9
1725,unfair,1
1726,selfish,1
1727,quiet,2
1728,fascinating,1
1729,landry,1
1730,part,10
1731,lack,3
1732,primary,2
1733,aggressive,3
1734,predator,1
1735,common,6
1736,bringing,6
1737,probably,9
1738,corvan,2
1739,blame,2
1740,curiosity,3
1741,tricorder,3
1742,images,2
1743,blown,1
1744,outward,2
1745,shatter,1
1746,inside,23
1747,crazy,6
1748,big,12
1749,shielding,4
1750,surrounding,3
1751,chided,1
1752,straal,2
1753,growing,3
1754,mushrooms,3
1755,forest,3
1756,stored,1
1757,dry,1
1758,tremendous,2
1759,quantities,1
1760,stores,1
1761,appeared,2
1762,actually,23
1763,travels,1
1764,network,10
1765,mycelium,4
1766,spread,2
1767,solve,1
1768,navigation,5
1769,modifications,1
1770,needed,11
1771,supercomputer,2
1772,detecting,2
1773,transfer,5
1774,symbiosis,1
1775,converse,1
1776,figure,21
1777,interact,1
1778,navigator,1
1779,fitting,4
1780,fate,6
1781,dump,1
1782,grave,8
1783,initiating,2
1784,multiple,6
1785,converging,1
1786,advises,1
1787,jump,31
1788,voq,6
1789,kol,9
1790,realises,1
1791,belong,5
1792,strategise,1
1793,grander,1
1794,teachings,1
1795,prove,6
1796,true,11
1797,torchbearer,1
1798,stolen,3
1799,raider,3
1800,matriarchs,1
1801,expose,3
1802,cost,2
1803,feeling,18
1804,stuff,1
1805,night,7
1806,helped,6
1807,business,3
1808,criticising,1
1809,hair,1
1810,shouldn,10
1811,watched,4
1812,tame,1
1813,incredible,4
1814,identity,4
1815,culber,18
1816,studying,3
1817,since,15
1818,board,13
1819,regenerative,1
1820,each,23
1821,makes,17
1822,cries,1
1823,48,2
1824,sluggish,1
1825,depressed,1
1826,anthropomorphising,1
1827,reason,16
1828,today,28
1829,become,8
1830,increasingly,2
1831,imperative,1
1832,duplicate,1
1833,jefferson,1
1834,iowa,1
1835,building,5
1836,according,4
1837,specs,1
1838,tardigrades,1
1839,ensure,4
1840,safe,24
1841,accurate,1
1842,starbase,7
1843,hunt,2
1844,creatures,1
1845,meantime,3
1846,dial,1
1847,missions,3
1848,concern,4
1849,highest,2
1850,levels,6
1851,taxing,1
1852,prime,3
1853,roomie,1
1854,god,8
1855,awful,1
1856,lunch,2
1857,bound,2
1858,happen,12
1859,sometime,2
1860,interesting,4
1861,tons,1
1862,rarely,1
1863,love,25
1864,sorts,1
1865,preoccupied,1
1866,weaker,1
1867,stressed,1
1868,barely,4
1869,job,10
1870,busy,2
1871,gives,4
1872,process,9
1873,emotionally,1
1874,feelings,6
1875,damn,9
1876,eyes,16
1877,personally,2
1878,crap,1
1879,lest,1
1880,piling,1
1881,conscript,1
1882,virtually,2
1883,anyone,19
1884,organisation,4
1885,viewed,1
1886,justifiably,1
1887,conflict,5
1888,avoiding,1
1889,justice,6
1890,morale,1
1891,everyone,33
1892,signature,10
1893,class,7
1894,d7,1
1895,cruiser,1
1896,identified,1
1897,speak,15
1898,jumps,4
1899,feasible,1
1900,concerned,1
1901,negatively,1
1902,impacting,2
1903,disagree,3
1904,assessment,2
1905,yet,23
1906,sustain,2
1907,characteristics,1
1908,often,5
1909,cited,1
1910,include,3
1911,bravery,1
1912,sacrifice,2
1913,intelligence,5
1914,brilliance,2
1915,compassion,2
1916,alternative,4
1917,eliminate,1
1918,destructive,4
1919,element,4
1920,handle,10
1921,genius,4
1922,beyond,12
1923,achieved,1
1924,effort,4
1925,contribution,1
1926,critical,11
1927,component,1
1928,unsustainable,1
1929,invention,1
1930,swallowing,1
1931,urge,2
1932,unique,2
1933,genetic,2
1934,makeup,1
1935,symbiotic,1
1936,relationship,3
1937,microscopic,1
1938,cousins,1
1939,incorporate,1
1940,foreign,2
1941,dna,8
1942,genome,2
1943,via,2
1944,horizontal,2
1945,borrows,1
1946,access,13
1947,pass,5
1948,conveys,1
1949,coordinates,23
1950,selected,1
1951,destination,4
1952,knows,9
1953,already,16
1954,sequenced,1
1955,virtual,1
1956,trick,1
1957,communicating,1
1958,guys,8
1959,fucking,1
1960,cool,1
1961,tortured,2
1962,descended,1
1963,spies,2
1964,languages,2
1965,useful,4
1966,particularly,2
1967,understanding,9
1968,seek,8
1969,destroy,14
1970,weeks,2
1971,surprised,2
1972,appearing,1
1973,nowhere,3
1974,disappearing,1
1975,trace,3
1976,undetectable,3
1977,ghost,2
1978,mmm,10
1979,suffer,3
1980,extreme,6
1981,photosensitivity,1
1982,strange,6
1983,cosmos,1
1984,agonising,1
1985,slunk,1
1986,darkness,3
1987,glory,3
1988,perhaps,9
1989,pain,9
1990,taken,10
1991,forms,1
1992,daystrom,1
1993,institute,4
1994,viable,3
1995,workaround,1
1996,hypospray,1
1997,contains,4
1998,replication,1
1999,catalysts,1
2000,initiate,3
2001,host,2
2002,interface,3
2003,evolved,1
2004,functioning,1
2005,shares,1
2006,information,9
2007,kingdom,1
2008,diverted,1
2009,fungal,1
2010,counterparts,2
2011,600,1
2012,million,3
2013,homo,1
2014,sapiens,1
2015,upset,1
2016,crisis,3
2017,trains,1
2018,heightened,1
2019,lookout,1
2020,enemies,4
2021,aus,2
2022,59,3
2023,raiders,1
2024,counting,4
2025,towards,1
2026,spotted,1
2027,lifesigns,2
2028,deactivation,1
2029,chamber,2
2030,density,3
2031,68,1
2032,induction,1
2033,coil,1
2034,saturated,1
2035,injected,1
2036,compound,1
2037,freely,2
2038,left,22
2039,privilege,1
2040,sun,2
2041,moon,12
2042,comings,1
2043,goings,1
2044,endless,1
2045,nights,1
2046,adverse,1
2047,consider,6
2048,hospitable,1
2049,traveled,2
2050,ends,3
2051,performance,2
2052,review,2
2053,acting,3
2054,cancelled,2
2055,laps,1
2056,breakfast,2
2057,shave,1
2058,experience,12
2059,athletic,1
2060,personality,4
2061,focus,9
2062,attributes,1
2063,applying,1
2064,programme,2
2065,count,4
2066,arbitrary,1
2067,earn,3
2068,endurance,1
2069,commendation,1
2070,goal,4
2071,constitution,1
2072,enterprise,3
2073,track,3
2074,path,23
2075,injury,1
2076,hologram,1
2077,juice,2
2078,extra,3
2079,ratio,2
2080,protein,1
2081,carbohydrates,1
2082,fat,1
2083,white,2
2084,burrito,1
2085,beans,1
2086,add,3
2087,salsa,2
2088,roasted,1
2089,tomato,1
2090,cooked,1
2091,tomatoes,1
2092,lycopene,1
2093,appetising,1
2094,nutrient,1
2095,filled,2
2096,burritos,1
2097,guy,6
2098,ash,11
2099,tyler,31
2100,scuttlebutt,2
2101,warriors,4
2102,hand,16
2103,combat,4
2104,escaped,5
2105,bird,1
2106,fought,3
2107,practically,3
2108,adopt,1
2109,adopted,2
2110,feel,33
2111,hotter,1
2112,mentor,2
2113,kids,2
2114,excelled,1
2115,fair,3
2116,decision,8
2117,graduated,1
2118,test,3
2119,scores,1
2120,nonsense,1
2121,truth,10
2122,katra,3
2123,eternal,1
2124,force,5
2125,soul,3
2126,potential,2
2127,agreed,6
2128,extremists,1
2129,tried,10
2130,killing,7
2131,bombed,1
2132,educated,1
2133,renegade,1
2134,faction,1
2135,succeeded,3
2136,healing,1
2137,graft,1
2138,procedure,2
2139,frowned,1
2140,rare,2
2141,sensed,1
2142,different,16
2143,slipping,2
2144,conscious,1
2145,delirious,2
2146,dying,4
2147,sense,13
2148,erratic,2
2149,worse,6
2150,guessing,1
2151,modifying,2
2152,neural,8
2153,enhancer,2
2154,method,2
2155,unconscious,1
2156,wake,5
2157,transponder,1
2158,adrenaline,1
2159,shot,6
2160,overstay,1
2161,moral,2
2162,terral,1
2163,throw,3
2164,launched,1
2165,unauthorised,1
2166,rescue,5
2167,using,13
2168,mention,5
2169,pow,1
2170,recover,1
2171,advanced,4
2172,cornerstone,1
2173,cannot,25
2174,treat,6
2175,fiefdom,1
2176,eugenic,1
2177,manipulation,1
2178,rules,5
2179,bluster,1
2180,bad,12
2181,ass,1
2182,lady,2
2183,pushing,2
2184,freaked,1
2185,proof,6
2186,coexist,1
2187,equals,3
2188,ended,3
2189,greatest,2
2190,disappointment,1
2191,reflecting,1
2192,rejected,1
2193,fry,2
2194,brain,5
2195,bio,1
2196,readings,5
2197,weird,4
2198,allow,7
2199,push,2
2200,fighting,5
2201,strain,3
2202,pull,15
2203,tenth,1
2204,birthday,1
2205,seventh,1
2206,eridani,1
2207,gift,4
2208,advice,4
2209,proven,1
2210,accomplished,2
2211,nurture,1
2212,director,1
2213,attempt,2
2214,humour,1
2215,practice,1
2216,husband,1
2217,listen,14
2218,pulled,5
2219,sever,1
2220,link,6
2221,fine,8
2222,malt,1
2223,motherland,1
2224,bottle,1
2225,perseids,1
2226,meteor,1
2227,young,3
2228,grand,1
2229,plans,6
2230,worry,9
2231,decisions,2
2232,recently,5
2233,troubling,1
2234,putting,5
2235,harm,6
2236,ignoring,1
2237,orders,9
2238,buran,2
2239,psych,2
2240,evals,1
2241,passed,3
2242,flying,4
2243,colours,1
2244,week,5
2245,keeps,4
2246,graduation,1
2247,emotions,13
2248,memory,4
2249,restarts,1
2250,worth,7
2251,asking,7
2252,spock,2
2253,forced,2
2254,failed,2
2255,manipulated,1
2256,living,4
2257,lie,3
2258,saved,6
2259,sleep,4
2260,months,6
2261,ignored,1
2262,signs,11
2263,anymore,7
2264,man,11
2265,rest,9
2266,blinded,2
2267,victories,1
2268,lied,3
2269,evaluations,1
2270,brilliantly,1
2271,fooled,1
2272,upsetting,1
2273,pathological,1
2274,tonight,2
2275,bigger,1
2276,powerful,5
2277,broken,2
2278,hate,5
2279,condition,3
2280,window,3
2281,talks,3
2282,closes,1
2283,few,10
2284,step,10
2285,displease,1
2286,pride,3
2287,mount,2
2288,strength,8
2289,recall,2
2290,transpired,1
2291,grow,4
2292,apart,3
2293,families,1
2294,conversation,3
2295,ruin,1
2296,career,1
2297,return,11
2298,shaving,1
2299,ways,7
2300,tea,2
2301,exceptional,1
2302,antioxidants,1
2303,alkaloids,1
2304,amino,1
2305,acids,1
2306,stubborn,1
2307,impenetrable,2
2308,claims,1
2309,realised,4
2310,feels,10
2311,unburdened,1
2312,emotion,4
2313,angry,5
2314,pleased,5
2315,greetings,1
2316,unfortunately,3
2317,cornwell,5
2318,elders,1
2319,cancri,2
2320,4,4
2321,hosting,1
2322,meeting,3
2323,toward,7
2324,creating,4
2325,alliances,1
2326,drunk,1
2327,music,3
2328,deal,8
2329,starships,4
2330,redundant,2
2331,flickering,1
2332,dates,1
2333,details,3
2334,calibrate,1
2335,scope,1
2336,rifles,1
2337,armoury,1
2338,end,20
2339,shift,1
2340,tou,1
2341,interested,1
2342,otherwise,10
2343,lose,9
2344,duly,1
2345,noted,1
2346,stack,1
2347,compared,2
2348,boyfriends,1
2349,compare,2
2350,exclusively,2
2351,soldiers,1
2352,musician,1
2353,inappropriately,2
2354,rude,4
2355,parties,3
2356,limited,3
2357,interpersonal,2
2358,fraternisation,2
2359,appropriate,2
2360,identify,5
2361,xenobiological,1
2362,classification,1
2363,gormagander,4
2364,health,2
2365,hunting,2
2366,reduced,1
2367,primarily,2
2368,mating,1
2369,practices,1
2370,thereof,1
2371,spend,2
2372,particles,7
2373,solar,4
2374,winds,1
2375,consumed,1
2376,task,4
2377,ignore,3
2378,instincts,2
2379,reproduction,1
2380,list,4
2381,xenologic,1
2382,alone,13
2383,energising,1
2384,sweet,4
2385,girl,1
2386,intruder,3
2387,shots,1
2388,immediate,3
2389,assistance,1
2390,inappropriate,1
2391,aren,10
2392,simple,5
2393,answers,8
2394,kinds,1
2395,questions,4
2396,slow,5
2397,whale,1
2398,yellow,7
2399,advise,1
2400,specialist,7
2401,qualified,4
2402,57,1
2403,cases,3
2404,misses,1
2405,odds,4
2406,incalculable,1
2407,abnormal,1
2408,unusual,5
2409,faint,3
2410,activated,6
2411,overload,6
2412,60,8
2413,mad,1
2414,20,9
2415,effects,6
2416,accessed,2
2417,existing,1
2418,loop,3
2419,mudd,18
2420,event,3
2421,reset,4
2422,blew,1
2423,corner,4
2424,connect,7
2425,exchange,6
2426,honesty,3
2427,ask,17
2428,lead,15
2429,harry,3
2430,relationships,4
2431,sell,4
2432,previous,3
2433,loops,1
2434,felt,10
2435,easier,2
2436,trusting,2
2437,equipment,5
2438,decay,1
2439,lattice,1
2440,unpredictable,1
2441,aligned,1
2442,stabilise,2
2443,dimensional,1
2444,perfected,1
2445,died,8
2446,rejoin,2
2447,stream,1
2448,forever,3
2449,loses,1
2450,noticed,2
2451,wearing,2
2452,wrist,2
2453,generate,1
2454,chronal,1
2455,displacements,1
2456,larger,1
2457,sending,7
2458,poor,1
2459,wonder,6
2460,hid,3
2461,orthogonal,1
2462,indices,1
2463,disable,2
2464,running,8
2465,restart,3
2466,hmm,15
2467,stella,1
2468,pay,3
2469,murdered,1
2470,hailing,4
2471,money,3
2472,shown,1
2473,universal,7
2474,certainty,2
2475,acknowledged,2
2476,archives,1
2477,non,9
2478,disarmed,1
2479,disappear,1
2480,buyers,1
2481,con,2
2482,harcourt,2
2483,nd,1
2484,cared,1
2485,faced,2
2486,problems,1
2487,daddy,1
2488,naughty,1
2489,boy,3
2490,timeline,1
2491,danced,1
2492,liked,3
2493,complicated,3
2494,repetition,2
2495,reinforces,1
2496,begets,1
2497,routine,1
2498,waiting,3
2499,along,7
2500,charts,1
2501,isolate,3
2502,individual,5
2503,invisibility,1
2504,screens,1
2505,holding,9
2506,seventy,1
2507,cruisers,1
2508,flanking,1
2509,thirty,2
2510,approaching,8
2511,accelerated,2
2512,pace,1
2513,unfortunate,2
2514,transmitter,3
2515,interference,4
2516,kelpiens,3
2517,pursued,1
2518,apex,1
2519,predators,2
2520,exceeded,2
2521,speeds,1
2522,registering,3
2523,lifeform,1
2524,distinguishable,1
2525,wear,2
2526,vowed,1
2527,allegiance,2
2528,dissemination,1
2529,loyalists,1
2530,among,2
2531,skills,2
2532,interrogator,1
2533,refuses,1
2534,translator,3
2535,touch,3
2536,restricts,1
2537,revealing,2
2538,ourselves,8
2539,sentient,2
2540,beings,3
2541,borrow,2
2542,alter,1
2543,property,1
2544,objective,1
2545,agreeing,1
2546,scream,2
2547,convincing,2
2548,guard,5
2549,sounds,5
2550,perfect,2
2551,futures,2
2552,lake,2
2553,booster,1
2554,seemed,1
2555,persnickety,1
2556,grumpy,1
2557,monitor,4
2558,episodes,1
2559,hopefully,2
2560,reassured,1
2561,usually,2
2562,providing,1
2563,captures,1
2564,imprisoned,1
2565,interrogated,1
2566,humanely,2
2567,eventually,2
2568,returned,2
2569,settlement,1
2570,penalty,1
2571,defect,1
2572,p,2
2573,taq,1
2574,minded,1
2575,brothers,1
2576,sisters,4
2577,chosen,2
2578,chased,2
2579,hangar,1
2580,kahless,4
2581,willing,4
2582,guarantee,1
2583,passage,2
2584,onto,7
2585,delivered,3
2586,trap,1
2587,iv,1
2588,creation,1
2589,exhausted,2
2590,looks,9
2591,saying,13
2592,planned,4
2593,obviously,2
2594,pahvans,5
2595,procedures,1
2596,interfere,2
2597,development,3
2598,society,2
2599,certain,7
2600,undetected,1
2601,ensuring,1
2602,neglected,1
2603,desecrated,1
2604,fetid,1
2605,depart,2
2606,core,8
2607,disgusts,1
2608,regret,4
2609,painted,2
2610,takes,7
2611,expected,7
2612,neither,9
2613,least,8
2614,cage,4
2615,dispose,2
2616,grafk,1
2617,torath,1
2618,silrek,1
2619,harmony,5
2620,balance,3
2621,millisecond,1
2622,exist,3
2623,begun,2
2624,possesses,1
2625,replicated,1
2626,conquest,1
2627,limits,1
2628,effective,4
2629,value,3
2630,honoured,2
2631,repaired,2
2632,inhibitor,1
2633,existence,3
2634,discord,1
2635,helping,6
2636,currently,3
2637,cloak,11
2638,generates,1
2639,gravitational,19
2640,bends,1
2641,electromagnetic,3
2642,waves,6
2643,imperfections,1
2644,background,2
2645,em,2
2646,imperceptible,1
2647,shifts,1
2648,correlate,2
2649,invisible,3
2650,gather,3
2651,sufficient,3
2652,effectiveness,1
2653,depends,2
2654,placement,1
2655,points,3
2656,closest,3
2657,stern,1
2658,bow,2
2659,resources,3
2660,borrowed,1
2661,given,16
2662,spent,3
2663,member,5
2664,finally,6
2665,assumed,1
2666,explanation,2
2667,keeping,5
2668,bumpy,5
2669,ride,7
2670,simulators,1
2671,masked,1
2672,drop,4
2673,uplink,2
2674,opposite,1
2675,provide,4
2676,legs,2
2677,victim,1
2678,torture,1
2679,dispatched,1
2680,install,1
2681,patients,1
2682,ptsd,2
2683,anytime,1
2684,ninety,1
2685,voice,7
2686,shortly,3
2687,experiencing,5
2688,trauma,1
2689,61,1
2690,62,1
2691,63,1
2692,64,1
2693,65,1
2694,example,2
2695,ingenuity,1
2696,desire,3
2697,communicate,11
2698,honourable,2
2699,fell,1
2700,company,5
2701,danger,7
2702,actions,8
2703,defeated,2
2704,woman,4
2705,belonged,4
2706,sitting,2
2707,ducks,1
2708,suggest,3
2709,jumping,2
2710,penetrated,1
2711,planet,22
2712,pahvo,1
2713,facade,2
2714,washes,1
2715,envied,1
2716,deserve,5
2717,reading,6
2718,structural,3
2719,scoring,1
2720,wreckage,2
2721,analysis,11
2722,acceptable,2
2723,margins,1
2724,sub,1
2725,registered,1
2726,somewhere,4
2727,doubling,1
2728,rebels,5
2729,responsive,1
2730,native,1
2731,resonates,1
2732,areas,3
2733,vast,2
2734,underpinning,1
2735,realities,1
2736,breaking,3
2737,algorithm,2
2738,refining,1
2739,accidentally,1
2740,examine,1
2741,closely,1
2742,indication,2
2743,germination,1
2744,erh,2
2745,moisture,1
2746,cultivation,1
2747,85,2
2748,87,1
2749,relative,2
2750,humidity,1
2751,um,1
2752,jog,1
2753,familiar,4
2754,mainly,1
2755,annoying,1
2756,finds,3
2757,kept,6
2758,fashioned,1
2759,crash,1
2760,proceed,4
2761,caution,1
2762,slightest,1
2763,nick,1
2764,corrupt,1
2765,completely,4
2766,conclusive,1
2767,appetites,1
2768,prayer,1
2769,klingonaase,3
2770,isik,3
2771,calls,1
2772,chips,1
2773,compatible,1
2774,fused,2
2775,sharing,3
2776,alliance,3
2777,allied,1
2778,downloading,1
2779,conclude,2
2780,indeed,6
2781,parallel,2
2782,governed,1
2783,fascistic,1
2784,terran,21
2785,cooper,1
2786,theoretically,2
2787,terrans,5
2788,antithesis,1
2789,oppressive,1
2790,racist,1
2791,xenophobic,1
2792,dominates,1
2793,ruled,1
2794,faceless,1
2795,emperor,22
2796,rebellion,4
2797,essentially,3
2798,freedom,9
2799,fears,3
2800,mistrusts,1
2801,predicated,1
2802,unconditional,2
2803,hatred,1
2804,rejection,1
2805,match,3
2806,examining,2
2807,manifest,2
2808,heck,1
2809,horses,1
2810,indisposed,1
2811,mechanical,2
2812,issues,3
2813,conceal,1
2814,sor,1
2815,gained,2
2816,stabbing,1
2817,recovering,1
2818,crestian,1
2819,flu,1
2820,nicknames,1
2821,slayer,1
2822,sorna,1
2823,witch,1
2824,wurna,1
2825,minor,1
2826,needing,2
2827,files,6
2828,presumed,3
2829,fugitive,1
2830,murder,4
2831,fragmented,1
2832,enjoyed,1
2833,immense,1
2834,prestige,1
2835,attempted,2
2836,coup,2
2837,followers,3
2838,laid,3
2839,waste,4
2840,retaliation,2
2841,destiny,4
2842,rebel,3
2843,savage,1
2844,temporal,3
2845,anomaly,13
2846,unclear,2
2847,defiant,6
2848,encounter,2
2849,phenomenon,2
2850,explain,5
2851,cover,6
2852,quadrant,2
2853,excited,2
2854,40,3
2855,terrified,3
2856,70,2
2857,apologising,1
2858,definitely,3
2859,terrifying,1
2860,twisted,1
2861,version,1
2862,aspired,1
2863,nightmares,1
2864,project,2
2865,pure,2
2866,necessity,1
2867,constant,2
2868,fear,19
2869,knife,2
2870,aimed,1
2871,rust,1
2872,fortify,1
2873,assholes,1
2874,bryce,11
2875,hail,4
2876,iss,3
2877,staining,1
2878,faces,1
2879,while,16
2880,scouring,1
2881,belts,1
2882,porathia,4
2883,searching,1
2884,hidden,1
2885,disabled,2
2886,especially,3
2887,traitor,3
2888,compliments,1
2889,expect,3
2890,greeted,1
2891,tongue,1
2892,lick,1
2893,boots,1
2894,draws,2
2895,bounty,1
2896,souls,2
2897,severed,1
2898,overzealous,1
2899,punish,1
2900,error,3
2901,installed,1
2902,properly,1
2903,escort,1
2904,scared,7
2905,trailing,1
2906,sidle,1
2907,curry,1
2908,favour,5
2909,rouse,1
2910,suspicion,1
2911,harrington,1
2912,electrical,2
2913,bulkhead,1
2914,operational,2
2915,minute,8
2916,sovereign,2
2917,hereby,2
2918,feared,1
2919,drives,1
2920,respected,3
2921,low,4
2922,band,1
2923,zero,3
2924,traffic,2
2925,decipher,1
2926,firewall,1
2927,transmit,1
2928,hasn,5
2929,improved,1
2930,deserves,2
2931,lowered,2
2932,person,9
2933,analysed,4
2934,neurological,1
2935,hyperactivity,1
2936,increased,2
2937,alarming,1
2938,redirected,1
2939,consequence,1
2940,addled,1
2941,cloud,6
2942,confusion,1
2943,losing,7
2944,medicine,3
2945,reclaimed,1
2946,mine,5
2947,leader,3
2948,resistance,3
2949,exotic,2
2950,deemed,1
2951,imperial,5
2952,supremacy,1
2953,extinguished,1
2954,prejudice,1
2955,prep,4
2956,launch,5
2957,anticipate,1
2958,grown,4
2959,soft,3
2960,absence,1
2961,tracking,2
2962,alive,9
2963,wolf,4
2964,lay,1
2965,operation,2
2966,dirty,1
2967,landing,3
2968,infiltrate,1
2969,base,5
2970,bury,1
2971,hundreds,3
2972,suffering,5
2973,influenced,1
2974,judgment,2
2975,hanging,1
2976,unshakeable,1
2977,union,2
2978,tellarites,1
2979,rally,1
2980,successfully,1
2981,negotiate,1
2982,finding,2
2983,pips,3
2984,slaughter,3
2985,coalition,2
2986,represents,2
2987,neurons,1
2988,symptom,1
2989,mycelial,8
2990,hadn,2
2991,considered,4
2992,neuronal,1
2993,transdimensional,1
2994,portal,1
2995,dimension,1
2996,accessible,1
2997,restore,3
2998,symbiotically,1
2999,contribute,2
3000,reclaim,1
3001,encampment,1
3002,500,1
3003,confirms,1
3004,audience,1
3005,camouflage,1
3006,nearly,7
3007,betraying,1
3008,risking,2
3009,sides,3
3010,determine,5
3011,intentions,1
3012,swear,1
3013,wastes,1
3014,precious,2
3015,discovered,2
3016,harlak,5
3017,orbit,5
3018,longevity,1
3019,satisfied,2
3020,strafe,1
3021,vastly,1
3022,eternally,1
3023,stands,1
3024,possibly,6
3025,comprehend,1
3026,willful,1
3027,hostility,2
3028,compromise,9
3029,embrace,1
3030,demands,3
3031,speaking,4
3032,placing,1
3033,cultural,4
3034,customs,1
3035,adversary,1
3036,contradict,1
3037,defend,2
3038,costs,1
3039,flee,1
3040,waits,1
3041,successful,5
3042,wisdom,1
3043,knees,3
3044,discretion,1
3045,apologies,2
3046,quarters,5
3047,laser,1
3048,emissions,1
3049,comprised,2
3050,entirely,4
3051,plane,1
3052,integrates,1
3053,materials,1
3054,cognitive,2
3055,fungi,1
3056,aptitude,1
3057,lifting,1
3058,lobe,1
3059,baseline,3
3060,recommend,1
3061,redirecting,1
3062,affected,2
3063,autonomic,1
3064,functions,1
3065,administering,1
3066,altogether,1
3067,loved,6
3068,jeopardise,1
3069,jeopardised,1
3070,brainwashed,1
3071,spy,1
3072,sit,7
3073,grabs,1
3074,testify,1
3075,swift,1
3076,execution,1
3077,valued,1
3078,law,5
3079,binding,1
3080,ordered,3
3081,wherever,4
3082,dies,1
3083,soothe,1
3084,betrayal,3
3085,private,2
3086,interrogation,1
3087,survive,5
3088,completed,1
3089,grab,4
3090,commanding,2
3091,charon,1
3092,27,1
3093,factor,1
3094,departed,1
3095,managed,1
3096,decrypt,1
3097,smuggled,1
3098,file,3
3099,redacted,2
3100,interphasic,2
3101,exact,6
3102,struck,1
3103,synthesised,1
3104,custom,1
3105,analgesic,1
3106,numb,1
3107,nerve,1
3108,receptors,1
3109,agonisers,3
3110,betrayed,2
3111,reckoning,1
3112,disengaged,1
3113,palace,2
3114,secure,1
3115,perimeter,1
3116,restarting,1
3117,metrics,1
3118,glucose,1
3119,consumption,1
3120,beta,2
3121,infra,1
3122,curve,1
3123,subjective,1
3124,skin,2
3125,dewy,1
3126,began,4
3127,treatment,1
3128,reconnect,2
3129,consciousness,2
3130,flesh,3
3131,overdue,1
3132,price,1
3133,vaulting,1
3134,ambition,1
3135,discuss,2
3136,dear,2
3137,daughter,7
3138,biobed,1
3139,wrecked,1
3140,array,4
3141,matches,1
3142,brainwave,1
3143,however,6
3144,irregular,3
3145,delicious,2
3146,prepares,1
3147,chef,1
3148,generous,2
3149,education,1
3150,riches,1
3151,imagination,1
3152,hesitant,1
3153,dispatch,1
3154,cruel,1
3155,miss,6
3156,men,2
3157,everywhere,2
3158,ambush,1
3159,lying,2
3160,fortunately,1
3161,dagger,1
3162,outsmart,1
3163,collaborator,1
3164,conspiring,1
3165,throne,5
3166,guards,1
3167,executed,1
3168,treason,1
3169,sentenced,1
3170,crimes,4
3171,committed,2
3172,collect,2
3173,retribution,1
3174,showing,2
3175,steel,1
3176,grant,2
3177,mercy,2
3178,quick,2
3179,pocket,1
3180,eling,2
3181,retrieve,1
3182,piece,3
3183,variance,2
3184,subtle,1
3185,fake,1
3186,bond,2
3187,strong,4
3188,cross,3
3189,universes,4
3190,quaint,1
3191,concept,1
3192,governor,1
3193,andor,1
3194,awoken,1
3195,beneath,2
3196,inferior,1
3197,carriage,1
3198,devoted,1
3199,sacrificed,1
3200,captured,2
3201,harvested,1
3202,reconstructed,1
3203,rebuilt,1
3204,modified,2
3205,grafted,1
3206,psyche,1
3207,ideology,1
3208,suffers,1
3209,accepted,4
3210,comfortable,3
3211,interlopers,1
3212,army,1
3213,equality,2
3214,cooperation,2
3215,cornerstones,1
3216,cultures,3
3217,delusions,1
3218,shed,2
3219,millennia,2
3220,ideals,4
3221,fuel,1
3222,rebellions,1
3223,infect,1
3224,documents,1
3225,resulted,1
3226,devastating,1
3227,insane,2
3228,tore,1
3229,arrived,4
3230,engine,4
3231,barriers,1
3232,displacement,1
3233,hub,1
3234,schematics,1
3235,agree,5
3236,undone,1
3237,tend,1
3238,arrival,3
3239,abandon,2
3240,treachery,1
3241,trusted,3
3242,sensitive,2
3243,guidance,3
3244,affection,1
3245,missing,2
3246,grew,4
3247,became,6
3248,groomed,1
3249,rightfully,1
3250,singular,2
3251,difference,5
3252,races,1
3253,mass,5
3254,stage,1
3255,revolution,2
3256,firsthand,2
3257,operates,1
3258,manipulate,1
3259,baiting,1
3260,preyed,1
3261,sentiment,2
3262,weakness,1
3263,choices,8
3264,determined,2
3265,orb,19
3266,pulling,4
3267,fresh,2
3268,supply,4
3269,troops,2
3270,flash,1
3271,grenade,1
3272,staging,1
3273,abort,3
3274,simulations,3
3275,protecting,2
3276,penetrate,3
3277,boarded,1
3278,reactor,2
3279,bracelet,1
3280,sanctuary,2
3281,considering,2
3282,situation,5
3283,seduced,1
3284,broadcast,1
3285,forging,1
3286,versions,2
3287,enamoured,1
3288,controls,3
3289,giving,5
3290,harnesses,1
3291,outmanouvre,1
3292,ran,3
3293,wave,4
3294,released,1
3295,freed,1
3296,incinerate,1
3297,claim,1
3298,legitimate,2
3299,safely,11
3300,offering,1
3301,destined,1
3302,reanalysed,1
3303,resulting,3
3304,leading,4
3305,infinite,1
3306,pathways,1
3307,opening,1
3308,buy,7
3309,interacting,1
3310,slave,2
3311,dined,1
3312,entrails,1
3313,brethren,1
3314,hoped,1
3315,spare,2
3316,excuses,1
3317,benefit,2
3318,alternate,2
3319,news,9
3320,realm,1
3321,sanctioned,1
3322,torturer,1
3323,awake,2
3324,assessments,1
3325,patient,2
3326,presents,2
3327,adrenocorticotropic,1
3328,hormonal,1
3329,cellular,1
3330,mitochondria,1
3331,remaining,5
3332,evidence,6
3333,muscular,1
3334,stamina,1
3335,reassignment,1
3336,charged,1
3337,override,4
3338,katrina,1
3339,pi,2
3340,bastard,1
3341,bowl,1
3342,cookies,1
3343,oblivion,1
3344,measured,1
3345,reasoned,1
3346,imagined,2
3347,sidelined,1
3348,vital,2
3349,disseminated,1
3350,neutralise,1
3351,render,1
3352,late,2
3353,waged,2
3354,brutal,2
3355,4789,1
3356,hypothermic,1
3357,charges,1
3358,kelfour,1
3359,vi,1
3360,burning,2
3361,11,2
3362,civilians,2
3363,instantly,2
3364,4851,1
3365,cloaked,4
3366,tails,1
3367,saratoga,1
3368,spacedock,1
3369,ignites,1
3370,antimatter,2
3371,suicide,2
3372,later,4
3373,similar,1
3374,assaults,1
3375,bases,1
3376,third,2
3377,outposts,1
3378,border,1
3379,colonies,1
3380,nivalla,1
3381,septra,1
3382,iridin,1
3383,children,3
3384,spared,1
3385,orphans,1
3386,attacks,2
3387,progression,1
3388,consistency,2
3389,former,2
3390,occupied,1
3391,knowledge,3
3392,confines,1
3393,guest,3
3394,refused,1
3395,differently,2
3396,proved,1
3397,stronger,4
3398,assured,3
3399,motive,1
3400,remains,2
3401,narrowly,1
3402,violent,1
3403,asylum,2
3404,protection,3
3405,charted,1
3406,held,3
3407,proper,1
3408,highness,1
3409,resemblance,1
3410,remarkable,1
3411,eat,1
3412,sight,1
3413,sore,1
3414,channels,1
3415,comms,14
3416,restrictions,1
3417,manually,1
3418,enhancing,1
3419,crest,1
3420,complying,1
3421,sensing,1
3422,274,1
3423,80,1
3424,large,5
3425,contingent,1
3426,backyard,1
3427,maintain,6
3428,current,3
3429,accommodations,1
3430,lacking,1
3431,hears,1
3432,subscribe,1
3433,courage,2
3434,truthful,1
3435,winning,1
3436,contempt,1
3437,crumbling,1
3438,sought,2
3439,strengthen,1
3440,celebration,1
3441,carving,1
3442,assets,1
3443,factions,1
3444,bears,1
3445,unity,1
3446,proclaimed,1
3447,collateral,1
3448,hospitals,1
3449,convoys,1
3450,innocents,1
3451,inspire,1
3452,game,9
3453,preserve,2
3454,laws,2
3455,founded,1
3456,seeks,2
3457,homogenisation,1
3458,assimilation,1
3459,ignorant,1
3460,fool,1
3461,territory,3
3462,conditional,1
3463,surrender,1
3464,tasted,1
3465,conquer,1
3466,relent,1
3467,orphaned,1
3468,echo,1
3469,worlds,11
3470,rule,1
3471,extends,1
3472,conquered,1
3473,dared,1
3474,started,7
3475,truly,3
3476,morality,1
3477,wished,3
3478,weakens,1
3479,cancer,1
3480,cells,3
3481,constantly,2
3482,dividing,1
3483,root,1
3484,tumour,1
3485,middle,6
3486,proposal,2
3487,simultaneous,1
3488,planetary,3
3489,batteries,1
3490,followed,1
3491,coordinated,1
3492,military,3
3493,planetwide,1
3494,offensive,1
3495,sky,3
3496,composed,1
3497,subterranean,1
3498,series,2
3499,dormant,3
3500,volcanoes,3
3501,caves,1
3502,rather,4
3503,surveil,1
3504,terrain,1
3505,cave,3
3506,release,1
3507,surveillance,2
3508,drone,10
3509,terraform,1
3510,harvest,2
3511,indeterminable,1
3512,foolish,2
3513,doomed,2
3514,sound,2
3515,summoned,1
3516,daughters,1
3517,blackened,1
3518,scraps,1
3519,mapping,3
3520,momentarily,1
3521,regroup,1
3522,longing,1
3523,annihilation,1
3524,victory,1
3525,evolving,1
3526,veda,1
3527,goodbye,2
3528,signed,1
3529,naive,1
3530,reminded,1
3531,shaped,1
3532,becoming,1
3533,reprehensible,1
3534,stripped,1
3535,badge,2
3536,fly,8
3537,lucky,5
3538,lab,2
3539,geostationary,1
3540,locking,2
3541,800,1
3542,generation,2
3543,nineteen,1
3544,congratulate,1
3545,forty,1
3546,fifty,1
3547,excuse,6
3548,looked,2
3549,created,11
3550,desolate,1
3551,wasteland,1
3552,crawl,1
3553,reclaiming,1
3554,punishing,1
3555,relentless,1
3556,solitary,1
3557,letting,4
3558,underway,1
3559,imminently,1
3560,mourned,1
3561,enormous,1
3562,acts,2
3563,foe,1
3564,hopes,1
3565,desperate,4
3566,merely,1
3567,borders,1
3568,2100,1
3569,vulnerabilities,2
3570,brave,1
3571,team,21
3572,visit,1
3573,inhospitable,2
3574,archer,1
3575,nx,1
3576,100,6
3577,introduce,2
3578,chart,3
3579,rescued,1
3580,transported,1
3581,retinue,1
3582,perilous,1
3583,expedition,1
3584,uniquely,1
3585,auspicious,1
3586,reunion,1
3587,94,1
3588,21,3
3589,referring,2
3590,dot,8
3591,animals,1
3592,homes,2
3593,interest,1
3594,favorite,1
3595,tough,5
3596,gotten,2
3597,apt,1
3598,experienced,4
3599,originated,1
3600,silly,1
3601,malaysia,1
3602,pulau,1
3603,langkawi,1
3604,beaches,1
3605,recruited,1
3606,desperation,2
3607,begged,3
3608,beat,2
3609,instigate,2
3610,valiantly,1
3611,eve,2
3612,counterpart,1
3613,hero,1
3614,grabbing,2
3615,arm,1
3616,lets,2
3617,armada,2
3618,headed,3
3619,pierced,1
3620,feasted,1
3621,require,8
3622,seasoning,1
3623,chimneys,1
3624,volcano,1
3625,foot,1
3626,crush,1
3627,rage,1
3628,unification,1
3629,reactivate,1
3630,hits,2
3631,l,2
3632,rell,1
3633,breed,1
3634,strategic,1
3635,standpoint,1
3636,neutered,1
3637,benign,1
3638,useless,1
3639,tarnished,1
3640,playing,1
3641,string,1
3642,rock,2
3643,penetrating,1
3644,preparation,1
3645,hide,3
3646,connected,3
3647,introduced,1
3648,aware,6
3649,regarding,1
3650,existent,1
3651,depending,1
3652,market,3
3653,surveys,6
3654,acquired,1
3655,century,3
3656,orions,3
3657,delinquents,1
3658,pirates,2
3659,traders,1
3660,excellent,4
3661,accompany,1
3662,sniff,2
3663,opens,1
3664,attest,1
3665,reminds,1
3666,subjugating,1
3667,betazoids,1
3668,wiping,1
3669,mintaka,1
3670,iii,1
3671,younger,2
3672,ages,1
3673,killy,1
3674,carrying,1
3675,dress,1
3676,lowlifes,1
3677,items,1
3678,trade,2
3679,stabiliser,1
3680,beams,1
3681,compensating,1
3682,dregs,1
3683,gun,2
3684,insult,1
3685,nose,1
3686,stash,1
3687,nausicaan,1
3688,disruptor,1
3689,pistols,1
3690,latest,1
3691,spec,1
3692,paralithium,1
3693,polyalloy,1
3694,casings,1
3695,screeners,1
3696,darseks,1
3697,arms,2
3698,appetite,1
3699,hungry,3
3700,intuited,1
3701,hawk,1
3702,stays,2
3703,drops,1
3704,mouth,2
3705,distractions,2
3706,bread,1
3707,circuses,1
3708,circus,1
3709,shh,2
3710,boring,2
3711,split,1
3712,shrine,3
3713,narrow,1
3714,esophagus,1
3715,bit,3
3716,quickly,6
3717,boat,1
3718,stationed,1
3719,mom,13
3720,dad,5
3721,family,12
3722,vacation,1
3723,mars,1
3724,witness,3
3725,supernova,2
3726,barricade,1
3727,kitchen,1
3728,cabinet,2
3729,sat,2
3730,dinner,2
3731,laughing,1
3732,laughter,1
3733,simpler,3
3734,ordinary,1
3735,teach,3
3736,molor,1
3737,inhale,1
3738,tastes,1
3739,sulphur,1
3740,extinct,1
3741,ahead,7
3742,hydro,2
3743,bomb,6
3744,reco,1
3745,respond,6
3746,volcanic,1
3747,apocalyptic,1
3748,phreatic,1
3749,eruption,1
3750,flashes,1
3751,steam,1
3752,triggers,1
3753,landmasses,1
3754,vaporised,2
3755,fill,2
3756,uninhabitable,1
3757,catastrophic,1
3758,disaster,1
3759,wins,1
3760,genocide,1
3761,secrecy,1
3762,year,3
3763,stood,1
3764,deactivate,1
3765,detonator,4
3766,dramatic,1
3767,wipe,1
3768,decent,1
3769,themselves,4
3770,plus,4
3771,advantage,1
3772,occurred,2
3773,ending,1
3774,guilt,6
3775,buying,1
3776,chances,2
3777,alike,3
3778,hunted,3
3779,scares,1
3780,coded,1
3781,bioprint,1
3782,recoded,1
3783,communicator,2
3784,crushed,1
3785,planted,2
3786,gloat,1
3787,bend,1
3788,civilisation,5
3789,surprise,5
3790,quickest,1
3791,fulfill,1
3792,vision,1
3793,proud,1
3794,consequences,1
3795,reunification,1
3796,begins,1
3797,mothers,1
3798,shortcuts,1
3799,righteousness,1
3800,basest,1
3801,authority,3
3802,forward,7
3803,torchbearers,1
3804,casting,1
3805,lasting,1
3806,continue,5
3807,exploring,1
3808,discovering,1
3809,honor,1
3810,hugh,4
3811,receive,2
3812,medal,1
3813,dropping,4
3814,dispersed,1
3815,throughout,2
3816,nebula,1
3817,dr,1
3818,issa,1
3819,ksf,1
3820,kh,1
3821,ieth,1
3822,burn,8
3823,visitors,1
3824,behalf,4
3825,convey,6
3826,raise,2
3827,possibility,3
3828,tradition,2
3829,establishing,1
3830,gesture,1
3831,goodwill,2
3832,strings,2
3833,attached,4
3834,idiom,1
3835,literal,1
3836,ex,1
3837,decades,1
3838,strained,1
3839,felis,1
3840,catus,1
3841,domestic,3
3842,carnivorous,1
3843,mammal,1
3844,attitude,1
3845,lee,1
3846,u,1
3847,utmost,2
3848,empathy,4
3849,cliff,1
3850,alshain,2
3851,yep,1
3852,negotiating,1
3853,navigating,1
3854,satellites,3
3855,rhys,16
3856,chase,2
3857,flight,3
3858,dots,7
3859,christopher,12
3860,thanks,4
3861,nephew,1
3862,ikhu,2
3863,zhen,2
3864,ceremony,1
3865,becomes,1
3866,growly,1
3867,president,51
3868,rillak,10
3869,cadets,7
3870,kwejian,11
3871,luck,3
3872,headquarters,3
3873,38,1
3874,reopen,1
3875,tomorrow,4
3876,ensigns,1
3877,lieutenants,1
3878,commanders,1
3879,captains,1
3880,travelling,2
3881,laira,1
3882,simultaneously,2
3883,shenanigans,1
3884,bet,7
3885,osyraa,1
3886,flare,4
3887,madam,25
3888,ma,10
3889,heightens,1
3890,ticking,2
3891,box,2
3892,politics,3
3893,usual,1
3894,joining,3
3895,standard,2
3896,apply,2
3897,brace,4
3898,disorienting,1
3899,owosekun,30
3900,stress,1
3901,720,1
3902,radial,1
3903,velocity,2
3904,degrees,3
3905,slight,2
3906,magnetisation,1
3907,beside,1
3908,lensing,2
3909,steradian,1
3910,solid,1
3911,angle,3
3912,distortion,4
3913,nalas,9
3914,squiddled,1
3915,akoszonam,1
3916,replacing,1
3917,q,1
3918,nodes,1
3919,adira,14
3920,margin,2
3921,rotation,1
3922,synchronous,1
3923,owo,2
3924,tal,6
3925,uh,3
3926,guests,1
3927,45,2
3928,frozen,1
3929,methane,3
3930,extend,2
3931,oort,1
3932,tight,2
3933,calculate,2
3934,skip,1
3935,compensator,1
3936,separate,1
3937,onscreen,1
3938,nilsson,10
3939,conn,6
3940,logged,1
3941,eva,1
3942,safest,1
3943,questioning,2
3944,patch,1
3945,dark,5
3946,fissure,1
3947,jorat,1
3948,exposed,1
3949,anywhere,3
3950,honest,2
3951,structure,6
3952,rerouting,1
3953,repeat,4
3954,wounded,1
3955,rigged,1
3956,kobayashi,2
3957,maru,2
3958,fail,8
3959,retake,1
3960,mitigate,1
3961,tick,1
3962,define,5
3963,untested,1
3964,beast,1
3965,pointing,1
3966,experiences,4
3967,prepared,4
3968,captaincy,1
3969,opinion,1
3970,rhetorical,1
3971,inputted,1
3972,widen,1
3973,search,4
3974,radius,2
3975,locate,3
3976,obsessing,1
3977,detail,2
3978,conducting,1
3979,post,2
3980,analyses,1
3981,aloka,1
3982,neville,1
3983,losses,2
3984,community,4
3985,sojourner,1
3986,math,6
3987,holes,2
3988,merging,1
3989,huge,2
3990,actively,1
3991,largely,1
3992,databases,3
3993,warn,2
3994,fling,1
3995,services,2
3996,ni,18
3997,var,18
3998,members,3
3999,prudent,2
4000,civil,1
4001,unrest,1
4002,reawaken,1
4003,urgh,1
4004,taller,2
4005,swagger,1
4006,compliment,1
4007,blink,1
4008,heartbeat,1
4009,lifespan,1
4010,wide,2
4011,colleagues,1
4012,countless,3
4013,histories,1
4014,deaths,1
4015,vain,2
4016,twirl,1
4017,polarising,1
4018,spectrographic,1
4019,filter,2
4020,matching,1
4021,present,9
4022,odd,3
4023,scientific,1
4024,observation,2
4025,gas,6
4026,amounts,1
4027,meaning,4
4028,telling,4
4029,outer,3
4030,holds,1
4031,conduct,3
4032,whoever,8
4033,endanger,3
4034,cliffs,1
4035,surak,1
4036,yuron,1
4037,zora,47
4038,sleeping,3
4039,unnecessary,1
4040,holo,3
4041,listening,5
4042,fluctuations,3
4043,parameters,7
4044,strains,1
4045,failing,3
4046,artificial,4
4047,generators,2
4048,compensate,1
4049,port,2
4050,nacelle,1
4051,repairing,1
4052,integrity,4
4053,55,1
4054,anticipated,1
4055,gravimetric,4
4056,calculations,2
4057,double,3
4058,triple,2
4059,included,1
4060,ing,1
4061,disturbance,1
4062,injuries,1
4063,failures,1
4064,14,2
4065,16,2
4066,yikes,1
4067,theory,1
4068,catch,2
4069,gauge,1
4070,rendering,3
4071,programmable,3
4072,kite,1
4073,surfing,1
4074,fault,3
4075,admire,2
4076,unbelievably,1
4077,shitty,1
4078,f,1
4079,professionally,1
4080,awkward,1
4081,dig,2
4082,brilliant,2
4083,everest,1
4084,mountain,2
4085,analyse,4
4086,distortions,1
4087,aside,1
4088,thefts,1
4089,qowat,13
4090,milat,13
4091,rina,11
4092,allies,1
4093,flag,1
4094,dangers,1
4095,posed,1
4096,inhabited,2
4097,threatened,1
4098,trajectory,5
4099,efforts,2
4100,movements,2
4101,eager,1
4102,collaborating,1
4103,j,23
4104,vini,23
4105,galankhkan,1
4106,steal,2
4107,several,3
4108,allowed,2
4109,context,5
4110,pursue,1
4111,landed,1
4112,mutual,1
4113,promise,5
4114,finished,2
4115,mac,1
4116,cheese,1
4117,amiss,1
4118,comfort,5
4119,uncomfortable,2
4120,shake,1
4121,slept,1
4122,pillow,1
4123,morning,2
4124,gardening,1
4125,watering,1
4126,plants,1
4127,su,1
4128,kal,1
4129,requisition,1
4130,washed,1
4131,waxed,1
4132,primordial,1
4133,wormhole,5
4134,tachyons,3
4135,posted,4
4136,sister,5
4137,straightforward,1
4138,impressive,1
4139,falls,1
4140,bottom,1
4141,ease,3
4142,arrested,1
4143,obvi,1
4144,absolute,4
4145,candor,3
4146,accused,1
4147,brother,1
4148,nursed,1
4149,unwavering,1
4150,heal,1
4151,stun,4
4152,unarmed,2
4153,disadvantage,1
4154,heavier,1
4155,moisturised,1
4156,uninhabited,3
4157,chunk,1
4158,hideout,1
4159,ties,1
4160,cavity,2
4161,breathable,1
4162,tracker,6
4163,spilled,1
4164,forfeit,2
4165,totally,2
4166,mausoleum,2
4167,degree,2
4168,desiccation,1
4169,pods,1
4170,older,1
4171,crypt,1
4172,suggested,2
4173,simply,3
4174,utilising,1
4175,robbers,3
4176,robber,1
4177,bother,1
4178,limb,1
4179,unlikely,2
4180,pledged,1
4181,sword,2
4182,oath,3
4183,demise,1
4184,operating,2
4185,mercenaries,1
4186,draw,2
4187,reasons,4
4188,joint,2
4189,touching,1
4190,generally,1
4191,biggest,1
4192,hug,1
4193,seismic,1
4194,controlled,1
4195,reactions,1
4196,heads,1
4197,fan,2
4198,turbolift,1
4199,scientists,1
4200,meditative,1
4201,sharpen,1
4202,concentration,4
4203,booker,10
4204,warm,3
4205,redspice,1
4206,soothing,1
4207,grief,1
4208,expresses,1
4209,illogical,3
4210,misconception,1
4211,suppress,1
4212,approach,3
4213,discipline,1
4214,arie,1
4215,mnu,1
4216,lifetime,1
4217,master,1
4218,uninitiated,1
4219,respite,2
4220,fleeting,1
4221,tools,2
4222,essential,1
4223,suppression,1
4224,inadequate,2
4225,bizarre,1
4226,housed,1
4227,bingo,1
4228,sabotaged,1
4229,shows,2
4230,unlivable,1
4231,cryostasis,2
4232,cocoons,2
4233,bait,2
4234,gabrielle,1
4235,repairs,3
4236,hurrying,1
4237,abronians,6
4238,biomatter,1
4239,concentrations,1
4240,latinum,5
4241,abronian,1
4242,wears,1
4243,taglonen,3
4244,begging,1
4245,telepathic,1
4246,promised,1
4247,breathing,1
4248,carvings,1
4249,wall,3
4250,cryosleep,1
4251,orbiting,2
4252,dispense,1
4253,individuals,2
4254,representing,1
4255,remained,1
4256,cryo,1
4257,fulfilled,1
4258,finishes,1
4259,obtained,1
4260,superluminal,1
4261,hitting,1
4262,cherenkov,1
4263,glowing,1
4264,blue,2
4265,cast,1
4266,condolences,2
4267,qualitative,1
4268,superluminous,1
4269,awaits,1
4270,unsure,1
4271,abbreviated,1
4272,particular,2
4273,metaphorical,1
4274,everyday,1
4275,harder,1
4276,recognise,2
4277,wondered,1
4278,erase,1
4279,arrest,1
4280,formally,1
4281,mitigating,1
4282,sentencing,2
4283,jolan,1
4284,tru,1
4285,accountable,2
4286,patrick,1
4287,fickett,1
4288,credence,1
4289,partner,2
4290,ha,1
4291,ryl,1
4292,percussion,1
4293,swampkelp,1
4294,painful,2
4295,amulet,1
4296,peaceful,2
4297,summit,2
4298,mm,1
4299,officially,2
4300,dma,56
4301,brief,1
4302,participate,1
4303,nun,1
4304,foods,1
4305,rigelian,1
4306,rutabagas,1
4307,horrible,1
4308,baby,2
4309,volunteer,1
4310,astrometrics,1
4311,study,1
4312,craziness,1
4313,justify,1
4314,bailing,1
4315,exercise,5
4316,ah,5
4317,kovich,5
4318,honestly,2
4319,row,1
4320,beneficial,1
4321,department,1
4322,typical,2
4323,survey,1
4324,callum,1
4325,geryon,2
4326,theta,1
4327,helios,1
4328,amazing,1
4329,arrive,3
4330,rendezvous,1
4331,armstrong,9
4332,couple,2
4333,dropped,1
4334,utility,1
4335,kit,2
4336,vent,2
4337,assignments,1
4338,magnetospheric,1
4339,harral,4
4340,geological,1
4341,sasha,5
4342,microbial,1
4343,gorev,4
4344,atmospheric,1
4345,protective,3
4346,deployed,3
4347,auxiliary,1
4348,impact,9
4349,gain,1
4350,wound,1
4351,wraps,1
4352,suture,1
4353,kokytos,1
4354,whoa,5
4355,calm,4
4356,introductions,1
4357,nearing,1
4358,restoration,1
4359,reality,2
4360,poses,1
4361,shifted,1
4362,amendment,1
4363,allowing,2
4364,withdrawal,1
4365,arise,1
4366,eroded,1
4367,repercussions,1
4368,rejoining,1
4369,measures,1
4370,arising,1
4371,firm,1
4372,impose,1
4373,conditions,1
4374,moved,2
4375,strides,1
4376,endured,1
4377,enduring,1
4378,thriving,1
4379,objections,1
4380,existed,1
4381,enjoy,1
4382,foremost,1
4383,obligations,1
4384,unwilling,1
4385,intend,1
4386,recess,1
4387,meditation,4
4388,mess,4
4389,theatre,2
4390,gear,1
4391,valley,1
4392,ridge,3
4393,vantage,1
4394,jellyfish,1
4395,representative,1
4396,meditating,1
4397,shared,6
4398,scars,1
4399,ignited,1
4400,responded,2
4401,isolationism,1
4402,purists,1
4403,demanded,1
4404,framework,1
4405,exit,2
4406,clause,1
4407,provides,1
4408,palms,1
4409,thresh,1
4410,tor,1
4411,kashek,1
4412,closed,1
4413,returns,1
4414,votes,1
4415,positions,2
4416,respective,1
4417,delegations,1
4418,budge,1
4419,budging,1
4420,pyrosome,1
4421,upbeat,1
4422,bubbly,1
4423,throws,1
4424,rope,1
4425,heave,1
4426,gotta,1
4427,ground,6
4428,dispute,1
4429,mistakes,1
4430,dictates,1
4431,lessons,1
4432,purely,1
4433,divisions,1
4434,romulans,1
4435,lasted,1
4436,forgot,1
4437,ancestry,1
4438,cardassians,1
4439,bajor,1
4440,inspiring,1
4441,disputes,1
4442,ranking,1
4443,resolved,1
4444,committee,4
4445,sole,1
4446,objectivity,1
4447,guide,2
4448,resolution,1
4449,independent,1
4450,regular,1
4451,reviews,1
4452,egregious,1
4453,insisting,1
4454,civilian,1
4455,quorum,1
4456,citizen,2
4457,elegant,1
4458,creates,2
4459,mattered,1
4460,addition,1
4461,connections,1
4462,curious,1
4463,pijar,1
4464,monastic,1
4465,pella,1
4466,devote,1
4467,rehabilitative,1
4468,careful,1
4469,rebuild,2
4470,roles,1
4471,reversed,1
4472,amends,1
4473,slain,1
4474,sets,1
4475,assume,4
4476,miraculous,1
4477,recovery,1
4478,transparency,1
4479,forthcoming,1
4480,crashed,3
4481,stranded,1
4482,melting,1
4483,roomies,1
4484,bunk,1
4485,famous,1
4486,snored,1
4487,block,2
4488,blocked,1
4489,liking,1
4490,worst,2
4491,hardass,1
4492,corps,1
4493,900,1
4494,wondering,1
4495,perspective,1
4496,teacher,1
4497,fed,1
4498,hq,1
4499,disappears,1
4500,reference,2
4501,historical,1
4502,records,3
4503,sphere,4
4504,radvek,5
4505,belt,2
4506,formerly,1
4507,emerald,2
4508,akaali,2
4509,puts,1
4510,works,2
4511,creators,2
4512,v,2
4513,update,2
4514,inhabitants,2
4515,whether,2
4516,magistrate,4
4517,loading,2
4518,refugees,1
4519,facilitate,1
4520,quoting,1
4521,nitrium,1
4522,delivery,1
4523,oonla,1
4524,luckily,1
4525,noodle,1
4526,stalls,1
4527,evacuated,2
4528,assemble,3
4529,boundary,1
4530,marker,1
4531,interrupter,3
4532,picking,4
4533,braids,1
4534,borderline,1
4535,legal,1
4536,courier,3
4537,gigs,1
4538,professional,1
4539,narisa,1
4540,beetle,1
4541,indigenous,1
4542,settled,1
4543,chitin,2
4544,polysaccharides,1
4545,arthropod,1
4546,exoskeletons,1
4547,distinctive,1
4548,clicking,1
4549,tranceworms,1
4550,mobile,1
4551,matrix,2
4552,prisoners,4
4553,colonists,1
4554,jurisdiction,1
4555,conductor,1
4556,k,1
4557,494,1
4558,advocate,2
4559,diplomats,1
4560,picture,1
4561,sucked,1
4562,galileo,1
4563,harness,1
4564,ionic,1
4565,converting,1
4566,eh,1
4567,searched,1
4568,regulations,1
4569,commuted,1
4570,examples,2
4571,sentences,1
4572,reviewed,1
4573,reinforced,2
4574,layer,1
4575,nanomaterial,1
4576,ideas,1
4577,additional,1
4578,divide,1
4579,model,3
4580,feed,2
4581,switch,1
4582,weakening,2
4583,47,1
4584,25,4
4585,evacuations,2
4586,felix,2
4587,agency,1
4588,debate,1
4589,christiaye,1
4590,barrier,21
4591,exists,1
4592,thereby,1
4593,subject,1
4594,arriving,2
4595,refugee,1
4596,seeking,1
4597,shelter,1
4598,grace,2
4599,infer,1
4600,inflections,1
4601,sorrow,1
4602,weigh,2
4603,naturally,1
4604,patri,1
4605,doxica,1
4606,continues,1
4607,comforting,2
4608,inspired,2
4609,lalogi,1
4610,rift,10
4611,1100,1
4612,reaching,4
4613,contacts,1
4614,scene,1
4615,particle,2
4616,tarka,22
4617,polite,1
4618,diagnostics,2
4619,irregularities,2
4620,defined,2
4621,evolution,2
4622,concerns,2
4623,uncharted,1
4624,approved,2
4625,tears,1
4626,tear,1
4627,clues,1
4628,molecular,1
4629,compounds,2
4630,thermal,1
4631,residual,1
4632,ions,1
4633,industrial,1
4634,remnants,1
4635,plasma,7
4636,heating,1
4637,nav,1
4638,external,5
4639,receiving,4
4640,input,3
4641,rifts,1
4642,convert,1
4643,audio,1
4644,speaker,2
4645,frequencies,3
4646,visual,1
4647,starboard,2
4648,camera,2
4649,ton,1
4650,commands,1
4651,eaten,2
4652,clue,1
4653,creative,1
4654,differential,1
4655,10,1
4656,disintegrate,1
4657,9,2
4658,reaches,2
4659,33,1
4660,commissioned,1
4661,required,3
4662,dot23,1
4663,stopped,3
4664,prioritise,1
4665,processes,3
4666,acutely,1
4667,08,1
4668,climate,1
4669,replicators,2
4670,lamp,1
4671,linus,1
4672,increase,1
4673,hall,2
4674,funny,2
4675,joke,2
4676,extended,1
4677,galactic,14
4678,positioning,1
4679,direction,3
4680,triangulate,1
4681,prior,2
4682,shutdown,2
4683,stable,1
4684,vitals,1
4685,sensory,2
4686,hallucination,1
4687,ba,1
4688,ku,1
4689,dawn,2
4690,overwhelmed,2
4691,83,1
4692,detect,2
4693,exterior,1
4694,fluctuating,1
4695,rapidly,2
4696,decreasing,1
4697,area,7
4698,cortez,4
4699,automated,1
4700,activating,1
4701,pollard,1
4702,alarm,1
4703,reroute,1
4704,fields,3
4705,options,4
4706,focusing,2
4707,register,1
4708,settle,1
4709,microvariances,1
4710,gray,7
4711,brainstorming,1
4712,reinforce,2
4713,risky,1
4714,overwhelm,1
4715,harmed,1
4716,blamed,1
4717,probabilistic,1
4718,scenarios,1
4719,walls,2
4720,puncture,1
4721,extragalactic,2
4722,218,1
4723,kilohertz,1
4724,executing,1
4725,friction,1
4726,documenting,1
4727,longterm,1
4728,insignificant,1
4729,slowly,1
4730,groups,1
4731,exited,1
4732,apology,1
4733,sick,1
4734,healers,1
4735,powerless,1
4736,termination,1
4737,287,1
4738,expanding,1
4739,leaks,1
4740,breaches,1
4741,replicator,3
4742,shape,3
4743,entering,1
4744,empathetic,1
4745,temperature,1
4746,exceed,1
4747,sing,1
4748,song,3
4749,,2
4750,,2
4751,stormy,2
4752,weather,2
4753,ain,1
4754,rainin,1
4755,bare,1
4756,gloom,1
4757,misery,1
4758,weary,1
4759,witnessed,1
4760,connectedness,1
4761,create,2
4762,tree,1
4763,distribution,1
4764,retrieved,1
4765,147,1
4766,parsecs,1
4767,moments,1
4768,calculating,1
4769,progress,2
4770,utter,1
4771,indifference,1
4772,cat,4
4773,toy,1
4774,decided,3
4775,possess,1
4776,withholding,1
4777,compliance,1
4778,assembly,1
4779,ndoye,4
4780,represented,2
4781,gentle,1
4782,titan,3
4783,elected,1
4784,inclusive,1
4785,delay,1
4786,decisive,1
4787,follows,1
4788,discernable,1
4789,therefore,1
4790,intent,4
4791,tartan,1
4792,voles,1
4793,consume,1
4794,denobulan,1
4795,worms,1
4796,millions,1
4797,reproductive,1
4798,cycle,1
4799,caterpillars,1
4800,polyphemus,1
4801,moth,1
4802,devour,1
4803,crops,1
4804,farmers,1
4805,ascribe,1
4806,malice,1
4807,contexts,1
4808,emerged,1
4809,introduction,1
4810,sentience,2
4811,developed,1
4812,failsafe,1
4813,threatening,1
4814,expunge,1
4815,persuade,1
4816,terminate,1
4817,reckless,1
4818,involves,2
4819,clarification,1
4820,cascading,1
4821,isolytic,4
4822,types,1
4823,ordinance,1
4824,irreparable,1
4825,bursts,3
4826,retaliate,1
4827,firepower,1
4828,catapulting,1
4829,toxic,1
4830,peacefully,1
4831,carefully,1
4832,flashiest,1
4833,intrinsic,1
4834,c,29
4835,appeal,1
4836,diplomacy,5
4837,argument,1
4838,spontaneously,1
4839,intentionally,1
4840,sum,2
4841,entirety,1
4842,parts,1
4843,uncertainty,4
4844,lash,1
4845,blindly,1
4846,thoughtfully,1
4847,view,2
4848,reflected,1
4849,behavioural,1
4850,consistently,1
4851,realization,1
4852,calming,1
4853,reciprocity,1
4854,understandable,1
4855,marvellous,1
4856,dismantle,1
4857,grudge,2
4858,grieving,1
4859,unimaginable,1
4860,preventing,1
4861,isolynium,12
4862,buys,1
4863,voting,1
4864,sooner,1
4865,gap,1
4866,stilph,2
4867,stellar,4
4868,dealt,2
4869,broker,2
4870,combing,1
4871,tedious,1
4872,worthy,1
4873,verify,3
4874,vance,2
4875,unofficially,1
4876,casino,1
4877,checked,1
4878,surprises,1
4879,bounds,1
4880,apologised,1
4881,karma,1
4882,barge,1
4883,friendly,1
4884,bunch,1
4885,tale,1
4886,haz,4
4887,mazaro,1
4888,ins,1
4889,bidder,2
4890,broke,1
4891,crossing,1
4892,score,2
4893,bets,1
4894,joann,1
4895,ferocious,1
4896,fighter,1
4897,felton,1
4898,folks,3
4899,rematch,2
4900,quitting,1
4901,manners,1
4902,nah,1
4903,whoo,1
4904,hook,1
4905,loud,1
4906,changeling,1
4907,ripped,1
4908,gamble,2
4909,quality,1
4910,goods,1
4911,leonian,2
4912,poker,2
4913,schaefer,2
4914,metallic,1
4915,luster,1
4916,pyrite,1
4917,crystals,1
4918,equant,1
4919,equal,1
4920,dimensions,1
4921,impurities,1
4922,opacity,1
4923,spices,1
4924,intimidation,1
4925,industry,1
4926,played,2
4927,rubs,1
4928,ear,1
4929,wardrobe,1
4930,clothes,1
4931,anybody,1
4932,complaining,1
4933,sweating,1
4934,gigantic,1
4935,darling,1
4936,revenge,1
4937,incinerated,1
4938,acquire,1
4939,shipments,1
4940,deliveries,1
4941,sectors,2
4942,deny,1
4943,assembling,1
4944,signals,1
4945,emitted,1
4946,astronomical,1
4947,gases,2
4948,elements,1
4949,fall,1
4950,statistical,1
4951,boronite,9
4952,hypothesis,1
4953,locations,1
4954,mined,1
4955,randomly,1
4956,dredge,1
4957,encrypted,1
4958,traced,1
4959,nhan,7
4960,barzan,1
4961,reports,1
4962,bloody,2
4963,skirmishes,1
4964,breathe,2
4965,deeply,2
4966,difficulty,1
4967,import,1
4968,proves,1
4969,challenging,1
4970,routines,1
4971,daily,1
4972,joyful,1
4973,therein,1
4974,reestablish,1
4975,inner,1
4976,meal,1
4977,shoes,1
4978,succeed,5
4979,rogue,1
4980,finishing,1
4981,manage,1
4982,detain,1
4983,pursuit,1
4984,disruption,3
4985,slip,1
4986,maintenance,2
4987,planning,2
4988,dock,1
4989,disco,3
4990,surge,2
4991,controller,12
4992,figuring,1
4993,spotty,1
4994,stability,2
4995,needle,1
4996,haystack,1
4997,grandma,1
4998,plot,3
4999,grid,2
5000,airtight,1
5001,stake,2
5002,reno,5
5003,mining,2
5004,subsector,1
5005,timetable,4
5006,spike,2
5007,blinding,1
5008,yield,1
5009,magnesium,1
5010,charge,1
5011,ignite,1
5012,breen,1
5013,dive,1
5014,astern,1
5015,adjust,1
5016,18,1
5017,resume,1
5018,churn,1
5019,rinse,1
5020,stall,1
5021,reasonable,1
5022,resort,1
5023,decloak,1
5024,50,1
5025,obey,1
5026,leaders,3
5027,viewscreen,1
5028,answering,1
5029,digging,1
5030,battling,1
5031,remainin,1
5032,sake,1
5033,uses,1
5034,withdraw,1
5035,settings,2
5036,tachyon,1
5037,goodbyes,2
5038,supporting,1
5039,mitchell,3
5040,monitoring,1
5041,distinction,1
5042,translators,2
5043,establish,1
5044,suggesting,1
5045,oversight,1
5046,fathom,1
5047,urgent,1
5048,frankly,1
5049,introducing,1
5050,amongst,2
5051,purview,1
5052,delegates,6
5053,thins,1
5054,approaches,1
5055,expects,1
5056,innumerable,1
5057,stops,1
5058,expecting,1
5059,relation,1
5060,delegate,1
5061,multiphasic,1
5062,suggestion,1
5063,spacial,2
5064,colourful,1
5065,75,1
5066,35,1
5067,steady,1
5068,afford,1
5069,prerogative,1
5070,jam,1
5071,unstable,1
5072,spatial,1
5073,emitters,1
5074,month,1
5075,skiing,1
5076,zermatt,1
5077,astoria,1
5078,oregon,1
5079,coast,1
5080,heaven,1
5081,hawaii,1
5082,beach,1
5083,mai,1
5084,tai,1
5085,snorkeling,1
5086,appreciated,1
5087,fourteen,1
5088,thirteen,1
5089,eleven,1
5090,sev,1
5091,cutting,1
5092,thankfully,1
5093,jahr,1
5094,darkest,1
5095,happier,1
5096,milky,1
5097,initial,1
5098,rattled,1
5099,overwhelming,1
5100,capabilities,2
5101,dwarf,1
5102,billions,3
5103,greater,2
5104,urgency,1
5105,dismay,1
5106,essence,1
5107,citizens,2
5108,reconsider,1
5109,commit,1
5110,knowing,1
5111,ionosphere,1
5112,buildings,1
5113,collapsed,1
5114,layers,2
5115,bones,1
5116,fragment,1
5117,strikes,1
5118,mounting,1
5119,vice,1
5120,prevent,1
5121,catastrophe,1
5122,demanding,1
5123,opportunities,1
5124,multiply,1
5125,seized,1
5126,hyperfield,15
5127,vahar,1
5128,ai,1
5129,stabilize,1
5130,worship,1
5131,arena,1
5132,variety,1
5133,artefacts,1
5134,empty,1
5135,relics,1
5136,screaming,1
5137,visions,1
5138,psionic,1
5139,infrasound,1
5140,environmental,1
5141,factors,1
5142,retrace,1
5143,brewed,1
5144,raktajino,1
5145,nutmeg,1
5146,puppies,1
5147,hiawatha,2
5148,beats,1
5149,bitter,1
5150,elixir,1
5151,darn,1
5152,upstage,1
5153,veneer,1
5154,flew,1
5155,admit,2
5156,pro,1
5157,tip,1
5158,creepy,1
5159,touched,1
5160,trichome,1
5161,hydrocarbons,9
5162,substance,1
5163,recalibrate,1
5164,filtering,1
5165,paying,1
5166,trainings,1
5167,handy,1
5168,queen,1
5169,boxes,1
5170,archway,1
5171,upgrade,1
5172,increasing,1
5173,starve,1
5174,firmly,1
5175,abilities,1
5176,significant,2
5177,insist,1
5178,capitulate,1
5179,hallucinations,1
5180,cocoon,1
5181,nursery,3
5182,biosigns,1
5183,disconnect,1
5184,panic,1
5185,affecting,1
5186,identically,1
5187,samples,2
5188,deliberate,1
5189,idiot,1
5190,existential,1
5191,screwing,1
5192,spoiled,1
5193,chemicals,2
5194,chemical,2
5195,bees,1
5196,wolves,1
5197,pheromones,1
5198,rosetta,1
5199,crucial,1
5200,deciphering,1
5201,egyptian,1
5202,hieroglyphs,1
5203,story,1
5204,puzzle,1
5205,demote,1
5206,reconcile,1
5207,challenges,1
5208,stroll,1
5209,holodeck,1
5210,lingering,1
5211,ahem,1
5212,hostage,2
5213,250,1
5214,contingency,1
5215,logically,1
5216,deploy,1
5217,unaccounted,1
5218,importance,1
5219,kidnapped,1
5220,meh,1
5221,po,2
5222,tay,1
5223,tah,1
5224,sugar,1
5225,licorice,3
5226,obliged,1
5227,hydrocarbon,3
5228,loaded,1
5229,rip,1
5230,changes,3
5231,spikes,1
5232,enacted,1
5233,selective,1
5234,giant,3
5235,composition,1
5236,identical,3
5237,bug,1
5238,jar,1
5239,hides,1
5240,upper,1
5241,restoring,1
5242,unaware,1
5243,collected,2
5244,site,1
5245,implosion,1
5246,membrane,2
5247,cherries,1
5248,sundae,1
5249,confusing,1
5250,wife,2
5251,joined,1
5252,horribly,1
5253,burned,1
5254,replicating,2
5255,grafts,1
5256,colour,1
5257,hers,1
5258,dubious,1
5259,adapting,1
5260,excreting,1
5261,mist,1
5262,molecule,4
5263,clusters,1
5264,supramolecules,1
5265,dozens,1
5266,joy,1
5267,sadness,2
5268,peacefulness,1
5269,irritation,1
5270,nonsensical,1
5271,complex,1
5272,frighteningly,1
5273,scratch,1
5274,joking,1
5275,projects,1
5276,mimic,1
5277,linguistic,1
5278,minds,1
5279,comparison,1
5280,distracted,1
5281,anomalous,1
5282,eventthat,1
5283,contain,1
5284,semantic,1
5285,content,1
5286,piano,1
5287,evokes,1
5288,pitches,1
5289,lengths,1
5290,tempo,1
5291,molecules,2
5292,key,1
5293,2d,1
5294,3d,2
5295,brightness,1
5296,z,1
5297,axis,1
5298,variable,1
5299,fifth,1
5300,refill,1
5301,gentleman,1
5302,pulls,1
5303,implode,1
5304,decode,1
5305,letter,1
5306,placed,1
5307,designated,1
5308,represent,1
5309,mathematical,1
5310,obvious,2
5311,lincos,1
5312,21st,1
5313,meti,1
5314,predicted,1
5315,extraplanetary,1
5316,surprising,1
5317,overcompensate,1
5318,public,1
5319,drove,1
5320,holopadd,1
5321,hirai,2
5322,unknowns,1
5323,cards,1
5324,fingers,1
5325,weirdest,1
5326,biometric,1
5327,subroutine,1
5328,jett,1
5329,fondness,1
5330,closeness,1
5331,beamed,1
5332,detonated,1
5333,178,1
5334,atomic,2
5335,carbon,3
5336,78,1
5337,93,1
5338,argon,1
5339,04,1
5340,dioxide,1
5341,discrete,1
5342,4351,1
5343,opened,1
5344,briefly,1
5345,scheduled,1
5346,venting,1
5347,nacelles,1
5348,codes,1
5349,chip,1
5350,stashed,1
5351,psycho,1
5352,pants,1
5353,glycyrrhizic,1
5354,acid,1
5355,dissolves,1
5356,conducts,1
5357,independently,1
5358,lifeboat,1
5359,capacity,2
5360,co,1
5361,detach,1
5362,evac,1
5363,dismissed,1
5364,hurry,1
5365,theories,1
5366,concrete,1
5367,gaining,1
5368,encased,1
5369,silicon,1
5370,ellanium,1
5371,containing,1
5372,withstand,1
5373,forces,1
5374,confine,2
5375,sour,1
5376,soup,1
5377,upside,1
5378,aided,1
5379,zena,1
5380,accuracy,1
5381,96th,1
5382,percentile,1
5383,nuances,1
5384,telepathically,1
5385,confused,1
5386,elevated,1
5387,awareness,1
5388,chases,1
5389,laugh,1
5390,sandwiches,1
5391,diagonally,1
5392,pickles,1
5393,kyheem,1
5394,leto,1
5395,orbs,1
5396,exiting,1
5397,disruptors,1
5398,boom,1
5399,cavalry,1
5400,beaming,1
5401,fyi,1
5402,loves,1
5403,protected,1
5404,pushed,1
5405,presume,1
5406,targeted,1
5407,flux,1
5408,disrupt,1
5409,removes,1
5410,propulsion,1
5411,covering,1
5412,casement,2
5413,90,1
5414,reenter,1
5415,whiskey,1
5416,sweetheart,1
5417,programmed,1
5418,deflector,1
5419,arrays,1
5420,rerouted,1
5421,toilets,1
5422,sunset,1
5423,boyfriend,1
5424,skipped,1
5425,lecture,1
5426,climbed,1
5427,roof,1
5428,descending,1
5429,proportions,1
5430,harai,1
5431,separated,2
5432,reunite,1
5433,forming,1
5434,missed,1
5435,balancing,1
5436,dishonest,1
5437,leniency,1
5438,bye,1
5439,kwakoni,1
5440,yiquan,1
5441,shivering,1
5442,assuming,1
5443,explored,1
